Carimbo de data/hora,Tem um Assistente de Voz Virtual?,"Se sim, qual? ",Utiliza o Assistente de Voz Virtual? , [O assistente de voz virtual é útil para mim], [O assistente de voz virtual pode ajudar-me em várias tarefas], [O meu assistente de voz virtual oferece-me boa qualidade de informação], [A minha eficiência em tempo melhora quando procuro por informação no assistente de voz virtual]," [No geral, considero o assistente de voz virtual uma ferramenta útil]", [Aprender a usar o meu assistente de voz virtual foi fácil para mim], [As minhas interações com o assistente de voz virtual são claras e compreensíveis], [Considero o assistente de voz virtual fácil de usar], [Considero fácil tornar-me habilidoso no uso do assistente de voz virtual], [Pessoas que são importantes para mim pensam que devia usar um assistente de voz virtual], [Pessoas que influenciam as minhas decisões pensam que devia usar um assistente de voz virtual], [As pessoas de quem eu gosto utilizam um assistente de voz virtual]," [Quando interajo com o assistente de voz virtual, sinto como se estivesse a falar com uma pessoa real]"," [Quando interajo com o assistente de voz virtual, experiencio uma sensação de sociabilidade]", [Quando interajo com o assistente de voz virtual sinto uma sensação de contacto humano], [Quando interajo com o assistente de voz virtual sinto uma sensação de sensibilidade humana], [Considero que o assistente de voz virtual tem características que associo aos humanos], [Considero que o assistente de voz virtual tem intenções semelhantes às dos humanos], [Sinto que posso comunicar com o assistente de voz virtual de forma natural e humana], [Sinto-me mais próximo do assistente de voz virtual em relação a outras tecnologias], [Sinto que o assistente de voz virtual me trata de forma mais humana do que outras tecnologias], [Considero agradável interagir com o assistente de voz virtual], [Sinto que o assistente de voz virtual me compreende], [O assistente de voz virtual facilita a minha comunicação com outras pessoas], [O assistente de voz virtual permite-me ter mais interações sociais de qualidade], [Acredito que esta tecnologia do assistente de voz virtual é segura], [Preocupa-me que as minhas informações pessoais armazenadas no assistente de voz virtual possam ser roubadas], [Preocupo-me que o assistente de voz virtual possa recolher demasiada informação sobre mim], [Tenho confiança que o assistente de voz virtual protege as informações pessoais que divulgo com ele], [Sinto segurança em partilhar informação pessoal com o assistente de voz virtual], [Considero que o assistente de voz virtual me garante um estado de cibersegurança], [Considero o assistente de voz virtual eficaz em detetar e prevenir ameaças à minha cibersegurança], [O fator da cibersegurança é importante para o meu uso do assistente de voz virtual], [Considero que me coloco em risco quando utilizo tecnologia inovadora como o assistente de voz virtual], [Considero que me coloco em risco quando utilizo tecnologia que envolvem os meus dados pessoais como o assistente de voz virtual], [Sinto a minha privacidade em risco durante a utilização do assistente de voz virtual], [Procuro informar-me sobre os riscos associados à utilização do assistente de voz virtual], [Acredito que um assistente de voz virtual possa vir a ser útil para mim], [Acredito que um assistente de voz virtual possa ajudar-me em várias tarefas], [Acredito que um assistente de voz virtual oferece boa qualidade de informação ao utilizador], [A minha eficiência em tempo poderia ser melhorada se utilizasse um assistente de voz virtual para procurar por informação ]," [No geral, vejo os assistentes de voz virtuais como uma ferramenta útil]", [Acredito que seja fácil aprender a utilizar um assistente de voz virtual], [Acredito ser possível ter interações claras e compreensíveis com um assistente de voz virtual], [Acredito que um assistente de voz virtual seja fácil de usar], [Acredito que seja fácil tornar-me habilidoso no uso de um assistente de voz virtual], [Pessoas que são importantes para mim pensam que devia usar um assistente de voz virtual].1, [Pessoas que influenciam as minhas decisões pensam que devia usar um assistente de voz virtual].1, [As pessoas de quem eu gosto utilizam um assistente de voz virtual].1, [Acredito que os assistentes de voz virtuais dão a sensação de se tratarem de uma pessoa real], [Acredito que os assistentes de voz virtuais dão a sensação de sociabilidade aos utilizadores], [Acredito que os assistentes de voz virtuais oferecem a sensação de contacto humano aos utilizadores], [Acredito que os assistentes de voz virtuais oferecem a sensação de sensibilidade humana aos utilizadores], [Acredito que os assistente de voz virtuais têm características que associo aos humanos], [Acredito que o assistente de voz virtual tem intenções semelhantes às dos humanos], [Acredito ser possível comunicar com um assistente de voz virtual de forma natural e humana], [Acredito que a minha proximidade com um assistente de voz virtual possa ser maior do que com outras tecnologias], [Parece ser agradável interagir com um assistente de voz virtual], [Acredito que um assistente de voz virtual me consiga compreender], [Acredito que um assistente de voz virtual me pode facilitar a comunicação com outras pessoas], [Acredito que um assistente de voz virtual me permita ter mais mais interações sociais de qualidade], [Acredito que esta tecnologia do assistente de voz virtual possa ser segura], [Preocupa-me a possibilidade das minhas informações pessoais armazenadas num assistente de voz virtual poderem ser roubadas], [Preocupa-me que um assistente de voz virtual possa recolher demasiada informação sobre mim], [Acredito que um assistente de voz virtual consegue proteger as informações pessoais que possa divulgar com ele], [Acredito que os assistentes de voz virtuais oferecem um estado de cibersegurança aos utilizadores], [Acredito que um assistente de voz virtual possa ser eficaz em detetar e prevenir ameaças à minha cibersegurança], [A perceção da cibersegurança é importante para a minha futura compra/utilização de um assistente de voz virtual], [Acredito que me coloco em risco se utilizar tecnologia inovadora como um assistente de voz virtual], [Acredito que me coloco em risco se utilizar tecnologia que envolvem os meus dados pessoais como um assistente de voz virtual], [Considero que a minha privacidade vai estar em risco case utilize um assistente de voz virtual], [Informo-me sobre os riscos associados à utilização de um assistente de voz virtual],Idade,Sexo,Habilitações Literárias,"Se vive em Portugal, em que zona? "
2023-04-06 15:48:52,1,Amazon Alexa,1,4,4,4,4,4,4,4,4,4,2,2,3,2,2,3,2,2,3,3,2,3,4,3,3,2,4,4,4,2,4,3,3,3,2,2,2,3,,,,,,,,,,,,,,,,,,,,,,,,,,,,,,,,,,,,30-39,Feminino,Doutoramento,Norte
2023-04-06 18:40:21,1,Amazon Alexa,1,1,1,1,1,1,5,5,5,5,2,2,3,1,1,1,1,1,1,1,2,3,4,2,1,1,4,5,5,1,1,1,1,3,4,4,5,5,,,,,,,,,,,,,,,,,,,,,,,,,,,,,,,,,,,,40-49,Masculino,Mestrado,Norte
2023-04-06 20:22:15,1,Google Assistant,1,4,4,4,5,4,5,4,4,4,2,3,4,2,2,2,2,3,2,4,3,4,4,3,4,4,2,2,2,4,4,4,3,4,2,2,2,4,,,,,,,,,,,,,,,,,,,,,,,,,,,,,,,,,,,,18-29,Feminino,Licenciatura,Norte
2023-04-06 21:39:47,1,Outro,1,3,3,3,3,2,3,2,4,2,3,3,2,2,2,2,2,2,2,2,2,2,3,2,3,2,4,3,3,3,2,2,3,3,4,4,3,2,,,,,,,,,,,,,,,,,,,,,,,,,,,,,,,,,,,,40-49,Masculino,Licenciatura,Norte
2023-04-06 21:44:24,1,Apple Siri,1,4,5,5,4,5,4,4,5,5,4,3,2,5,4,4,4,4,4,4,5,4,4,4,4,4,3,5,4,3,3,3,3,3,4,5,3,4,,,,,,,,,,,,,,,,,,,,,,,,,,,,,,,,,,,,50-59,Masculino,Ensino Secundário,Norte
2023-04-06 21:51:31,1,Amazon Alexa,1,5,5,5,5,5,5,5,5,5,5,5,5,5,4,4,5,5,5,4,5,5,4,5,4,4,1,1,1,1,5,4,5,5,2,2,3,2,,,,,,,,,,,,,,,,,,,,,,,,,,,,,,,,,,,,18-29,Masculino,Mestrado,Norte
2023-04-06 22:18:21,1,Apple Siri,1,4,3,4,3,4,4,4,4,4,1,1,1,2,2,2,2,2,2,2,2,1,3,2,2,2,2,2,3,3,3,4,3,3,3,3,3,3,,,,,,,,,,,,,,,,,,,,,,,,,,,,,,,,,,,,18-29,Masculino,Pós-Graduação,Norte
2023-04-07 06:31:20,1,Amazon Alexa,1,4,4,4,4,4,3,3,4,3,4,2,4,2,2,2,2,2,2,2,2,2,4,2,2,2,5,5,5,3,2,2,2,5,4,4,4,4,,,,,,,,,,,,,,,,,,,,,,,,,,,,,,,,,,,,50-59,Masculino,Ensino Secundário,Norte
2023-04-07 11:34:52,1,"Apple Siri, Google Assistant",1,5,5,4,5,5,5,4,4,4,4,3,4,2,2,1,1,1,2,4,2,1,4,2,2,2,5,5,5,2,2,2,2,5,4,5,4,4,,,,,,,,,,,,,,,,,,,,,,,,,,,,,,,,,,,,18-29,Masculino,Licenciatura,Norte
2023-04-07 11:42:05,1,Amazon Alexa,1,5,5,5,4,1,5,5,5,5,3,5,4,1,1,1,1,1,1,1,1,4,4,3,1,1,4,4,4,3,3,3,4,3,3,3,4,2,,,,,,,,,,,,,,,,,,,,,,,,,,,,,,,,,,,,18-29,Masculino,Mestrado,Norte
2023-04-07 12:34:27,1,Apple Siri,1,4,4,4,5,4,5,3,4,4,3,3,4,2,2,1,3,2,4,2,3,3,4,3,3,4,2,2,2,4,2,3,3,4,2,4,3,4,,,,,,,,,,,,,,,,,,,,,,,,,,,,,,,,,,,,18-29,Feminino,Mestrado,Norte
2023-04-07 13:12:16,1,Apple Siri,1,5,5,5,5,5,5,5,5,5,3,3,3,3,3,3,3,5,5,4,5,4,5,4,5,4,5,5,5,2,2,2,3,5,5,5,5,3,,,,,,,,,,,,,,,,,,,,,,,,,,,,,,,,,,,,18-29,Feminino,Mestrado,Norte
2023-04-07 13:28:23,1,Apple Siri,1,4,4,3,5,5,4,2,2,2,3,3,4,4,4,4,2,2,2,4,5,5,4,3,2,2,4,5,5,3,3,4,2,5,4,4,3,2,,,,,,,,,,,,,,,,,,,,,,,,,,,,,,,,,,,,18-29,Masculino,Mestrado,Norte
2023-04-07 13:29:43,1,Google Assistant,1,3,3,2,3,3,4,4,4,4,3,4,3,4,3,4,4,4,3,3,4,4,4,4,3,3,5,4,4,2,2,2,2,5,3,3,3,3,,,,,,,,,,,,,,,,,,,,,,,,,,,,,,,,,,,,30-39,Masculino,Ensino Secundário,Norte
2023-04-07 14:10:01,0,,1,4,4,2,3,3,4,3,3,3,2,2,2,1,1,1,1,1,1,1,2,1,2,2,3,4,5,5,5,2,1,1,1,1,5,5,5,3,,,,,,,,,,,,,,,,,,,,,,,,,,,,,,,,,,,,30-39,Masculino,Ensino Secundário,Norte
2023-04-07 14:16:08,1,Apple Siri,1,4,4,3,3,4,4,3,3,3,4,4,3,1,1,1,1,1,1,1,2,1,3,2,3,3,4,4,4,2,3,2,2,4,4,4,4,4,,,,,,,,,,,,,,,,,,,,,,,,,,,,,,,,,,,,40-49,Feminino,Pós-Graduação,Norte
2023-04-07 14:51:17,1,Amazon Alexa,1,4,4,4,2,4,4,4,4,3,1,1,3,1,2,1,1,2,2,3,3,3,4,3,2,1,4,4,4,1,1,3,3,3,2,4,4,4,,,,,,,,,,,,,,,,,,,,,,,,,,,,,,,,,,,,18-29,Masculino,Licenciatura,Norte
2023-04-07 15:14:02,1,Google Assistant,1,3,4,3,5,4,5,5,5,4,3,3,2,2,2,1,1,4,3,2,1,1,3,3,2,1,4,4,4,2,2,1,1,5,2,2,2,4,,,,,,,,,,,,,,,,,,,,,,,,,,,,,,,,,,,,18-29,Masculino,Licenciatura,Norte
2023-04-07 16:48:50,1,Google Assistant,1,4,4,3,4,4,5,2,4,3,3,2,1,3,2,3,4,4,4,3,4,4,4,4,2,2,4,4,3,2,2,2,2,5,1,2,1,2,,,,,,,,,,,,,,,,,,,,,,,,,,,,,,,,,,,,40-49,Masculino,Licenciatura,Norte
2023-04-07 16:56:11,1,Apple Siri,1,4,4,2,4,4,5,4,5,5,4,4,4,4,2,2,2,4,1,4,1,1,4,4,4,1,5,5,5,2,1,2,3,4,2,2,4,3,,,,,,,,,,,,,,,,,,,,,,,,,,,,,,,,,,,,18-29,Feminino,Licenciatura,Sul
2023-04-07 18:03:40,1,"Google Assistant, Samsung Bixby",1,5,4,4,5,5,4,4,4,4,3,3,3,2,2,1,1,2,1,1,1,3,3,2,3,2,4,5,5,2,1,2,2,5,3,3,3,3,,,,,,,,,,,,,,,,,,,,,,,,,,,,,,,,,,,,40-49,Masculino,Ensino Secundário,Norte
2023-04-07 20:21:08,1,Amazon Alexa,1,4,5,5,5,4,4,4,5,5,2,2,3,4,5,5,4,4,2,5,4,4,4,4,3,5,4,5,5,5,2,2,2,4,3,4,4,4,,,,,,,,,,,,,,,,,,,,,,,,,,,,,,,,,,,,30-39,Masculino,Mestrado,Ilhas
2023-04-07 21:02:10,1,Google Assistant,1,4,4,4,4,4,4,4,4,4,3,3,3,2,2,2,2,4,4,2,3,4,4,4,3,3,4,4,4,2,2,2,3,4,3,3,3,4,,,,,,,,,,,,,,,,,,,,,,,,,,,,,,,,,,,,40-49,Masculino,Licenciatura,Norte
2023-04-07 22:44:42,1,Google Assistant,1,5,5,4,4,5,4,4,4,4,3,3,4,4,4,4,3,4,2,4,4,3,5,3,3,4,3,3,3,3,3,4,3,4,4,4,4,4,,,,,,,,,,,,,,,,,,,,,,,,,,,,,,,,,,,,> 60,Masculino,Ensino Secundário,Norte
2023-04-08 01:33:09,0,,1,4,4,4,4,4,2,2,2,2,3,3,3,3,3,3,3,3,3,3,3,3,3,3,3,3,3,3,3,3,3,3,3,3,3,3,3,3,,,,,,,,,,,,,,,,,,,,,,,,,,,,,,,,,,,,40-49,Masculino,Ensino Secundário,Norte
2023-04-08 11:41:58,0,,1,3,3,3,3,3,4,4,4,4,4,4,4,4,4,4,4,3,3,3,3,3,4,4,4,4,4,4,4,4,4,4,4,4,4,4,4,4,,,,,,,,,,,,,,,,,,,,,,,,,,,,,,,,,,,,18-29,Masculino,Ensino Secundário,Norte
2023-04-08 15:37:35,1,Samsung Bixby,1,4,1,4,3,4,4,4,4,4,3,3,4,2,2,1,1,2,2,2,2,2,3,2,2,3,4,4,4,2,2,3,3,4,3,3,3,3,,,,,,,,,,,,,,,,,,,,,,,,,,,,,,,,,,,,> 60,Masculino,Ensino Secundário,Sul
2023-04-08 16:40:42,1,Apple Siri,1,4,4,4,4,4,4,4,4,4,3,3,4,5,4,4,4,4,4,4,4,4,5,4,3,3,3,4,3,4,4,4,3,4,2,2,2,3,,,,,,,,,,,,,,,,,,,,,,,,,,,,,,,,,,,,50-59,Feminino,Ensino Secundário,Não vivo em Portugal
2023-04-08 16:49:42,1,Apple Siri,1,3,4,3,3,4,5,4,4,4,3,3,2,2,2,2,2,2,1,3,3,3,3,3,4,3,3,3,3,3,2,3,3,3,2,3,2,3,,,,,,,,,,,,,,,,,,,,,,,,,,,,,,,,,,,,18-29,Feminino,Ensino Básico,Centro
2023-04-08 17:57:37,1,Amazon Alexa,1,3,4,3,4,4,4,4,4,4,2,2,3,3,3,3,3,3,4,4,3,3,5,4,3,3,3,3,4,2,2,2,3,5,2,2,3,5,,,,,,,,,,,,,,,,,,,,,,,,,,,,,,,,,,,,40-49,Masculino,Licenciatura,Norte
2023-04-08 19:04:28,1,Google Assistant,1,4,3,3,4,4,5,5,5,5,1,1,3,1,1,1,1,1,1,1,2,1,3,1,1,1,3,5,4,3,3,3,3,5,5,5,4,4,,,,,,,,,,,,,,,,,,,,,,,,,,,,,,,,,,,,30-39,Feminino,Licenciatura,Norte
2023-04-08 19:45:55,1,Apple Siri,1,5,4,3,4,4,4,4,5,4,3,3,3,4,2,3,4,2,3,4,2,3,4,4,4,3,4,3,4,3,3,2,2,3,3,3,3,3,,,,,,,,,,,,,,,,,,,,,,,,,,,,,,,,,,,,18-29,Masculino,Licenciatura,Norte
2023-04-08 20:05:07,1,Google Assistant,1,4,4,3,4,4,4,4,4,4,2,2,3,2,3,2,2,2,2,2,2,2,2,3,2,2,4,3,4,3,3,3,4,4,4,4,4,4,,,,,,,,,,,,,,,,,,,,,,,,,,,,,,,,,,,,50-59,Masculino,Ensino Secundário,Norte
2023-04-08 20:08:50,1,Apple Siri,1,4,5,4,4,5,5,4,5,5,2,2,2,3,2,2,2,4,4,3,3,3,4,4,4,1,5,5,3,5,3,3,4,5,2,4,2,5,,,,,,,,,,,,,,,,,,,,,,,,,,,,,,,,,,,,18-29,Masculino,Ensino Secundário,Norte
2023-04-08 21:14:26,1,Google Assistant,1,5,4,4,4,4,5,5,5,5,3,4,4,2,2,1,1,2,2,2,2,4,4,4,1,1,5,5,5,1,1,1,2,2,4,5,4,5,,,,,,,,,,,,,,,,,,,,,,,,,,,,,,,,,,,,30-39,Masculino,Pós-Graduação,Norte
2023-04-08 21:19:08,1,Google Assistant,1,4,4,4,3,4,5,5,5,5,2,2,2,1,1,1,1,1,1,1,1,1,2,2,2,2,2,2,2,3,3,3,3,3,2,2,2,3,,,,,,,,,,,,,,,,,,,,,,,,,,,,,,,,,,,,30-39,Feminino,Ensino Secundário,Norte
2023-04-08 22:26:39,0,,1,3,3,3,3,3,4,3,4,4,2,2,2,2,2,2,2,2,2,3,2,2,2,2,2,2,4,4,4,1,1,1,1,3,4,4,4,4,,,,,,,,,,,,,,,,,,,,,,,,,,,,,,,,,,,,30-39,Masculino,Licenciatura,Norte
2023-04-09 11:01:27,0,,1,2,3,3,3,3,3,3,2,2,3,3,3,3,3,3,3,3,3,3,3,3,3,3,3,3,4,4,4,3,3,3,3,3,3,3,3,3,,,,,,,,,,,,,,,,,,,,,,,,,,,,,,,,,,,,18-29,Feminino,Mestrado,Norte
2023-04-09 15:34:58,1,Apple Siri,1,3,2,1,2,2,4,4,3,1,1,1,3,1,1,1,1,1,2,1,1,2,3,1,3,1,3,5,4,2,3,1,3,5,3,4,4,2,,,,,,,,,,,,,,,,,,,,,,,,,,,,,,,,,,,,18-29,Masculino,Mestrado,Norte
2023-04-09 19:04:07,1,Google Assistant,1,4,4,2,3,2,4,3,4,4,4,4,4,3,3,2,2,2,2,2,4,2,3,2,4,4,1,1,1,4,4,4,4,5,2,2,2,4,,,,,,,,,,,,,,,,,,,,,,,,,,,,,,,,,,,,< 18,Feminino,Ensino Secundário,Norte
2023-04-10 02:25:44,1,Amazon Alexa,1,4,5,4,4,5,4,3,4,4,4,4,4,4,3,4,4,4,2,4,4,4,4,4,4,4,4,5,5,4,3,2,1,5,4,4,4,2,,,,,,,,,,,,,,,,,,,,,,,,,,,,,,,,,,,,30-39,Feminino,Mestrado,Ilhas
2023-04-10 16:34:03,1,Apple Siri,1,4,4,3,3,4,5,5,5,5,3,3,4,2,2,2,2,2,2,2,2,3,4,3,4,3,4,2,5,2,2,2,2,3,4,4,3,4,,,,,,,,,,,,,,,,,,,,,,,,,,,,,,,,,,,,18-29,Masculino,Licenciatura,Norte
2023-04-10 20:21:58,1,Google Assistant,1,4,4,4,3,4,5,4,5,4,3,3,3,2,1,1,1,1,2,3,2,1,3,3,2,2,4,4,4,3,2,2,2,3,4,4,4,4,,,,,,,,,,,,,,,,,,,,,,,,,,,,,,,,,,,,30-39,Masculino,Ensino Secundário,Norte
2023-04-10 22:08:52,0,Outro,1,4,4,4,3,4,5,4,5,4,4,2,4,3,3,1,1,4,1,4,5,5,4,4,1,1,2,4,4,5,5,5,5,4,1,1,4,4,,,,,,,,,,,,,,,,,,,,,,,,,,,,,,,,,,,,18-29,Masculino,Mestrado,Norte
2023-04-11 03:12:02,1,Amazon Alexa,1,4,3,4,4,5,3,4,4,4,3,3,4,4,4,4,5,4,4,5,4,4,4,4,4,2,4,5,5,5,4,4,2,5,4,4,4,2,,,,,,,,,,,,,,,,,,,,,,,,,,,,,,,,,,,,40-49,Feminino,Mestrado,Sul
2023-04-11 12:20:36,1,Apple Siri,1,5,5,5,5,5,5,5,5,5,5,5,5,1,1,1,1,1,1,2,2,2,5,1,1,1,5,5,5,5,1,2,3,3,4,4,5,3,,,,,,,,,,,,,,,,,,,,,,,,,,,,,,,,,,,,18-29,Feminino,Licenciatura,Norte
2023-04-11 12:32:37,1,Apple Siri,1,4,4,4,4,4,4,4,4,3,3,3,3,2,2,2,2,2,3,4,4,3,4,4,4,3,4,4,5,3,2,2,3,3,4,4,4,3,,,,,,,,,,,,,,,,,,,,,,,,,,,,,,,,,,,,50-59,Masculino,Ensino Secundário,Norte
2023-04-11 13:08:33,1,Google Assistant,1,4,4,4,4,4,5,4,4,5,3,3,4,2,4,2,3,4,4,4,4,4,4,4,4,3,2,2,4,4,4,4,4,4,4,4,2,4,,,,,,,,,,,,,,,,,,,,,,,,,,,,,,,,,,,,18-29,Feminino,Licenciatura,Norte
2023-04-11 14:36:38,0,,1,4,5,4,2,5,5,5,5,5,4,4,4,2,2,2,2,2,2,2,2,2,4,4,3,3,3,2,2,3,4,3,3,5,2,4,3,3,,,,,,,,,,,,,,,,,,,,,,,,,,,,,,,,,,,,18-29,Masculino,Ensino Secundário,Norte
2023-04-11 15:20:15,1,Amazon Alexa,1,4,2,4,4,4,4,4,4,4,3,3,4,4,4,4,4,4,5,5,4,5,4,4,4,4,4,5,5,5,5,4,5,5,4,4,4,2,,,,,,,,,,,,,,,,,,,,,,,,,,,,,,,,,,,,30-39,Masculino,Pós-Graduação,Centro
2023-04-11 15:44:59,1,Apple Siri,1,4,2,4,2,3,4,2,4,3,3,3,3,4,3,4,4,4,2,4,4,4,4,4,2,1,4,4,5,5,5,2,2,4,4,4,4,2,,,,,,,,,,,,,,,,,,,,,,,,,,,,,,,,,,,,50-59,Feminino,Licenciatura,Norte
2023-04-11 15:54:57,1,Amazon Alexa,1,4,4,3,3,4,4,4,4,4,3,3,3,2,2,2,2,3,2,3,2,2,4,3,2,2,4,3,3,3,2,2,2,2,3,3,3,3,,,,,,,,,,,,,,,,,,,,,,,,,,,,,,,,,,,,18-29,Masculino,Ensino Secundário,Sul
2023-04-11 16:20:19,1,Google Assistant,1,5,4,4,4,4,4,3,4,4,4,3,4,4,4,4,4,3,3,4,4,3,5,3,4,4,4,4,4,3,3,4,4,4,2,3,3,4,,,,,,,,,,,,,,,,,,,,,,,,,,,,,,,,,,,,> 60,Masculino,Ensino Secundário,Norte
2023-04-11 16:34:53,1,"Amazon Alexa, Google Assistant, Samsung Bixby",1,2,2,3,2,1,3,1,1,1,1,1,1,1,1,1,1,1,1,1,1,1,1,1,1,1,3,3,3,3,1,1,1,3,3,3,3,4,,,,,,,,,,,,,,,,,,,,,,,,,,,,,,,,,,,,40-49,Feminino,Pós-Graduação,Sul
2023-04-11 16:36:24,1,Google Assistant,1,4,4,4,4,4,4,5,4,4,4,3,3,4,4,4,5,4,1,4,4,4,4,4,4,2,4,5,5,4,4,4,4,4,4,5,4,4,,,,,,,,,,,,,,,,,,,,,,,,,,,,,,,,,,,,50-59,Feminino,Licenciatura,Sul
2023-04-11 16:55:12,1,Apple Siri,1,5,5,5,5,5,5,5,5,5,5,5,5,3,3,3,3,3,3,3,4,4,4,4,4,3,3,3,3,3,3,3,3,3,2,2,2,2,,,,,,,,,,,,,,,,,,,,,,,,,,,,,,,,,,,,18-29,Masculino,Ensino Secundário,Norte
2023-04-11 16:55:14,1,Google Assistant,1,4,5,4,2,5,5,4,5,5,4,4,2,2,2,2,2,2,2,2,2,4,4,3,3,2,5,4,5,1,1,1,1,3,4,4,3,4,,,,,,,,,,,,,,,,,,,,,,,,,,,,,,,,,,,,50-59,Masculino,Mestrado,Centro
2023-04-11 16:57:09,1,Microsoft Cortana,1,4,5,4,5,4,4,4,5,4,4,5,4,4,4,4,5,4,4,5,5,5,5,4,5,1,4,5,4,5,4,5,4,4,5,4,5,4,,,,,,,,,,,,,,,,,,,,,,,,,,,,,,,,,,,,18-29,Masculino,Mestrado,Sul
2023-04-11 17:08:18,1,Samsung Bixby,1,4,5,4,4,4,4,4,4,5,4,5,4,4,4,5,4,4,2,4,5,5,4,5,4,4,4,5,5,4,2,2,2,5,4,5,4,2,,,,,,,,,,,,,,,,,,,,,,,,,,,,,,,,,,,,40-49,Masculino,Licenciatura,Centro
2023-04-11 17:10:14,1,Amazon Alexa,1,4,2,4,4,4,4,5,5,4,2,2,3,4,4,5,5,2,2,4,5,4,4,5,5,4,4,5,4,4,2,2,2,5,4,4,4,2,,,,,,,,,,,,,,,,,,,,,,,,,,,,,,,,,,,,18-29,Masculino,Licenciatura,Centro
2023-04-11 17:20:10,1,Samsung Bixby,1,4,5,4,5,4,4,5,4,4,2,2,2,4,4,4,4,4,2,4,5,5,4,5,4,5,4,5,5,2,3,3,2,5,4,4,4,2,,,,,,,,,,,,,,,,,,,,,,,,,,,,,,,,,,,,50-59,Masculino,Mestrado,Norte
2023-04-11 17:25:08,1,Google Assistant,1,4,5,4,4,4,4,5,4,4,3,3,4,4,5,4,4,4,1,4,5,5,5,4,1,1,4,5,5,4,2,1,1,5,4,5,4,2,,,,,,,,,,,,,,,,,,,,,,,,,,,,,,,,,,,,40-49,Feminino,Mestrado,Norte
2023-04-11 17:27:16,1,Microsoft Cortana,1,2,1,4,4,3,2,2,2,1,3,3,4,2,1,1,1,4,1,3,4,4,4,3,1,1,4,4,5,2,2,1,1,5,4,5,4,5,,,,,,,,,,,,,,,,,,,,,,,,,,,,,,,,,,,,50-59,Feminino,Licenciatura,Norte
2023-04-11 17:35:44,1,Apple Siri,1,2,2,4,2,3,4,2,4,4,3,3,4,4,4,5,4,4,1,4,4,4,4,3,2,1,4,4,5,4,5,2,1,5,4,4,4,2,,,,,,,,,,,,,,,,,,,,,,,,,,,,,,,,,,,,30-39,Feminino,Pós-Graduação,Centro
2023-04-11 17:39:15,1,Amazon Alexa,1,1,1,1,1,1,5,5,5,5,5,5,5,5,5,5,5,5,5,5,5,5,5,5,5,5,1,2,2,5,5,5,5,5,1,2,2,2,,,,,,,,,,,,,,,,,,,,,,,,,,,,,,,,,,,,> 60,Prefiro não dizer,Ensino Básico,Norte
2023-04-11 17:44:34,1,Apple Siri,1,4,2,4,2,4,4,2,2,2,3,3,4,4,4,4,4,4,2,4,4,4,4,4,2,2,4,5,4,4,2,1,1,5,4,4,4,2,,,,,,,,,,,,,,,,,,,,,,,,,,,,,,,,,,,,30-39,Masculino,Licenciatura,Norte
2023-04-11 17:53:02,1,Google Assistant,1,4,5,4,4,4,4,5,5,5,3,3,4,4,1,1,1,4,2,4,4,4,4,4,4,5,4,4,5,2,2,2,2,5,5,4,5,4,,,,,,,,,,,,,,,,,,,,,,,,,,,,,,,,,,,,50-59,Masculino,Pós-Graduação,Norte
2023-04-11 18:00:19,1,Apple Siri,1,4,4,4,4,5,5,3,4,3,3,3,3,3,4,3,3,4,4,4,3,3,4,3,3,3,2,3,3,4,3,4,4,5,2,2,2,3,,,,,,,,,,,,,,,,,,,,,,,,,,,,,,,,,,,,18-29,Feminino,Ensino Secundário,Centro
2023-04-11 18:01:58,1,"Amazon Alexa, Apple Siri",1,5,5,4,5,5,5,4,5,4,2,2,4,4,4,4,5,4,1,4,4,4,4,4,1,1,5,4,4,2,1,1,2,5,4,5,4,5,,,,,,,,,,,,,,,,,,,,,,,,,,,,,,,,,,,,40-49,Masculino,Licenciatura,Norte
2023-04-11 18:12:34,1,Google Assistant,1,4,5,5,4,5,4,5,4,5,3,3,2,4,4,5,4,4,2,4,4,4,4,4,2,1,4,5,5,2,3,1,1,5,5,4,4,2,,,,,,,,,,,,,,,,,,,,,,,,,,,,,,,,,,,,40-49,Feminino,Licenciatura,Norte
2023-04-11 18:17:05,1,"Microsoft Cortana, Samsung Bixby",1,4,5,4,4,4,2,4,2,2,3,3,4,4,4,4,5,5,2,4,4,4,4,4,1,1,4,5,5,4,4,4,2,5,4,5,4,4,,,,,,,,,,,,,,,,,,,,,,,,,,,,,,,,,,,,40-49,Masculino,Pós-Graduação,Norte
2023-04-11 18:40:21,1,Google Assistant,1,4,4,4,5,4,4,5,4,5,4,5,4,4,4,5,4,4,2,4,4,5,4,5,1,1,4,5,4,2,2,2,2,5,4,4,5,2,,,,,,,,,,,,,,,,,,,,,,,,,,,,,,,,,,,,18-29,Masculino,Licenciatura,Norte
2023-04-11 18:53:21,1,Apple Siri,1,4,4,5,4,4,4,5,4,5,3,3,4,4,4,4,4,4,2,4,4,4,4,4,1,2,4,4,5,2,2,2,2,5,4,5,4,4,,,,,,,,,,,,,,,,,,,,,,,,,,,,,,,,,,,,50-59,Masculino,Pós-Graduação,Norte
2023-04-11 19:27:58,1,Apple Siri,1,3,3,4,3,4,4,4,4,4,3,2,4,4,2,2,2,3,2,4,4,3,2,4,3,2,4,4,4,4,3,3,3,3,4,4,4,4,,,,,,,,,,,,,,,,,,,,,,,,,,,,,,,,,,,,18-29,Feminino,Ensino Secundário,Centro
2023-04-11 22:19:02,1,Amazon Alexa,1,4,4,5,4,4,4,4,4,4,3,3,4,4,2,2,1,3,2,3,3,2,4,3,2,2,4,4,4,3,3,3,3,4,3,3,3,4,,,,,,,,,,,,,,,,,,,,,,,,,,,,,,,,,,,,30-39,Feminino,Licenciatura,Norte
2023-04-11 23:06:58,1,Amazon Alexa,1,4,5,5,4,4,4,4,4,4,3,3,3,4,4,4,5,3,3,4,5,5,5,4,3,3,3,2,3,4,3,3,4,3,2,2,2,2,,,,,,,,,,,,,,,,,,,,,,,,,,,,,,,,,,,,50-59,Masculino,Ensino Secundário,Norte
2023-04-12 11:58:01,1,Amazon Alexa,1,4,3,4,4,4,4,4,4,4,3,3,2,4,4,4,5,4,1,4,4,5,4,4,2,2,4,4,4,2,3,2,2,5,4,4,2,2,,,,,,,,,,,,,,,,,,,,,,,,,,,,,,,,,,,,30-39,Masculino,Licenciatura,Norte
2023-04-12 11:59:39,1,Apple Siri,1,4,3,4,3,4,4,2,4,3,3,3,4,4,3,4,2,4,1,3,4,4,4,4,1,1,4,5,4,2,3,1,1,5,4,3,4,4,,,,,,,,,,,,,,,,,,,,,,,,,,,,,,,,,,,,18-29,Masculino,Licenciatura,Norte
2023-04-12 12:01:14,1,Google Assistant,1,4,5,5,5,5,5,4,4,4,2,2,4,4,4,5,4,4,1,4,4,4,4,4,2,1,4,5,5,2,3,3,2,5,4,4,5,4,,,,,,,,,,,,,,,,,,,,,,,,,,,,,,,,,,,,18-29,Masculino,Pós-Graduação,Norte
2023-04-12 12:03:24,1,Microsoft Cortana,1,4,2,4,4,5,4,4,4,4,4,4,5,4,4,4,4,4,2,4,4,5,4,4,1,1,4,5,5,3,4,3,3,5,4,4,5,5,,,,,,,,,,,,,,,,,,,,,,,,,,,,,,,,,,,,30-39,Feminino,Mestrado,Norte
2023-04-12 12:05:03,1,"Microsoft Cortana, Samsung Bixby",1,4,5,5,5,5,4,5,4,5,3,3,4,4,4,5,4,4,2,4,4,5,4,4,2,1,4,5,4,4,4,2,2,4,4,4,5,2,,,,,,,,,,,,,,,,,,,,,,,,,,,,,,,,,,,,40-49,Masculino,Pós-Graduação,Centro
2023-04-12 12:06:54,1,Amazon Alexa,1,4,4,5,4,4,2,4,3,3,3,3,4,4,4,4,4,4,4,4,5,5,4,4,3,2,4,5,4,2,2,2,2,5,2,2,2,4,,,,,,,,,,,,,,,,,,,,,,,,,,,,,,,,,,,,18-29,Feminino,Mestrado,Norte
2023-04-12 12:08:35,1,Google Assistant,1,4,5,4,5,5,4,5,4,5,3,3,4,4,5,5,5,4,2,2,4,4,5,4,2,2,4,5,5,4,4,2,2,5,4,4,4,4,,,,,,,,,,,,,,,,,,,,,,,,,,,,,,,,,,,,40-49,Masculino,Mestrado,Norte
2023-04-12 12:14:25,1,Amazon Alexa,1,4,5,4,4,5,5,4,5,4,3,3,3,4,4,4,4,4,2,4,4,4,4,4,2,1,4,5,4,2,3,1,1,5,4,4,5,5,,,,,,,,,,,,,,,,,,,,,,,,,,,,,,,,,,,,50-59,Masculino,Licenciatura,Centro
2023-04-12 12:16:19,1,Apple Siri,1,4,5,4,4,5,4,5,4,4,4,4,5,4,5,4,5,4,1,4,4,5,4,4,2,2,4,4,5,4,2,2,2,5,4,4,4,5,,,,,,,,,,,,,,,,,,,,,,,,,,,,,,,,,,,,40-49,Feminino,Mestrado,Norte
2023-04-12 12:19:22,1,"Google Assistant, Microsoft Cortana",1,4,5,4,4,4,4,4,4,4,3,3,4,4,4,4,5,4,2,4,4,5,4,4,2,1,5,5,5,2,2,2,1,5,5,4,5,5,,,,,,,,,,,,,,,,,,,,,,,,,,,,,,,,,,,,40-49,Masculino,Mestrado,Norte
2023-04-12 14:50:33,1,Apple Siri,1,4,5,4,4,4,4,5,4,4,3,3,4,4,4,4,4,4,2,2,4,4,4,4,4,4,4,5,4,4,2,2,2,5,4,4,4,5,,,,,,,,,,,,,,,,,,,,,,,,,,,,,,,,,,,,30-39,Masculino,Mestrado,Centro
2023-04-12 14:54:11,1,Microsoft Cortana,1,4,5,4,4,4,4,5,4,4,3,3,4,4,4,4,4,4,2,4,4,4,4,4,2,2,4,4,5,2,2,2,2,4,4,4,4,4,,,,,,,,,,,,,,,,,,,,,,,,,,,,,,,,,,,,40-49,Masculino,Mestrado,Norte
2023-04-12 15:26:07,1,Google Assistant,1,3,4,4,4,4,5,4,4,4,2,2,3,2,3,2,4,2,3,4,4,1,4,2,1,1,5,5,5,2,4,2,2,3,3,3,3,5,,,,,,,,,,,,,,,,,,,,,,,,,,,,,,,,,,,,18-29,Feminino,Licenciatura,Norte
2023-04-13 02:21:46,1,Amazon Alexa,1,4,4,4,3,4,4,4,4,4,3,3,3,2,2,2,2,3,3,3,3,3,3,3,3,3,4,4,4,3,3,3,3,3,3,4,3,4,,,,,,,,,,,,,,,,,,,,,,,,,,,,,,,,,,,,30-39,Masculino,Ensino Secundário,Centro
2023-04-13 10:08:23,1,Google Assistant,1,4,4,4,4,4,5,3,4,4,3,3,2,2,2,1,1,3,2,3,1,2,4,3,2,1,4,3,4,3,2,3,3,4,3,4,3,2,,,,,,,,,,,,,,,,,,,,,,,,,,,,,,,,,,,,18-29,Feminino,Licenciatura,Centro
2023-04-13 13:57:20,1,Amazon Alexa,1,4,5,5,4,5,4,4,5,5,3,3,4,2,2,2,2,4,2,4,2,4,4,4,2,1,4,4,4,3,2,3,3,4,4,4,4,5,,,,,,,,,,,,,,,,,,,,,,,,,,,,,,,,,,,,18-29,Masculino,Mestrado,Norte
2023-04-13 14:01:53,1,Google Assistant,1,5,5,5,5,5,5,5,5,5,3,3,4,2,1,1,1,5,1,4,5,5,5,5,1,1,4,4,4,4,3,3,3,4,4,4,3,4,,,,,,,,,,,,,,,,,,,,,,,,,,,,,,,,,,,,18-29,Masculino,Pós-Graduação,Norte
2023-04-13 17:58:44,1,Samsung Bixby,1,2,2,4,2,2,2,2,1,4,2,2,1,2,2,2,1,1,1,4,1,2,3,4,2,1,4,2,2,4,1,3,2,3,2,4,2,2,,,,,,,,,,,,,,,,,,,,,,,,,,,,,,,,,,,,18-29,Masculino,Mestrado,Norte
2023-04-13 19:12:02,1,Amazon Alexa,1,4,4,4,4,4,4,4,4,4,2,2,2,4,4,4,4,4,4,4,4,4,4,4,4,4,2,2,2,2,2,2,2,2,4,4,4,4,,,,,,,,,,,,,,,,,,,,,,,,,,,,,,,,,,,,18-29,Feminino,Licenciatura,Centro
2023-04-13 19:52:09,1,"Amazon Alexa, Google Assistant, Microsoft Cortana",1,5,5,4,5,5,5,5,5,5,5,4,3,2,1,2,2,4,1,3,4,4,5,4,4,2,3,3,3,4,4,4,2,5,4,4,3,4,,,,,,,,,,,,,,,,,,,,,,,,,,,,,,,,,,,,40-49,Masculino,Mestrado,Não vivo em Portugal
2023-04-13 20:26:21,1,"Google Assistant, Samsung Bixby",1,4,4,3,3,4,4,3,4,4,3,3,2,2,2,1,1,2,2,3,2,3,3,4,3,2,5,4,4,1,2,2,2,4,3,4,4,4,,,,,,,,,,,,,,,,,,,,,,,,,,,,,,,,,,,,40-49,Masculino,Ensino Secundário,Sul
2023-04-13 21:59:49,1,Google Assistant,1,5,4,4,4,4,5,4,4,4,5,4,3,2,2,2,2,4,2,2,4,4,4,4,2,2,2,2,2,4,4,4,2,2,2,2,2,2,,,,,,,,,,,,,,,,,,,,,,,,,,,,,,,,,,,,30-39,Masculino,Pós-Graduação,Não vivo em Portugal
2023-04-13 23:42:28,1,Amazon Alexa,1,4,4,4,4,4,4,4,4,4,2,2,2,3,3,3,3,2,2,2,4,4,4,4,4,4,4,4,4,4,4,4,4,4,4,4,4,4,,,,,,,,,,,,,,,,,,,,,,,,,,,,,,,,,,,,18-29,Feminino,Licenciatura,Centro
2023-04-14 09:06:46,1,Apple Siri,1,5,5,5,5,5,5,5,5,5,5,5,5,5,5,5,5,5,5,5,5,5,5,5,5,5,5,5,5,5,5,5,5,5,5,5,5,5,,,,,,,,,,,,,,,,,,,,,,,,,,,,,,,,,,,,18-29,Feminino,Licenciatura,Norte
2023-04-14 09:48:28,1,Amazon Alexa,1,4,4,3,2,4,5,3,5,5,3,3,3,2,2,2,2,2,2,2,2,2,4,1,1,1,2,4,2,4,2,3,4,4,2,2,2,2,,,,,,,,,,,,,,,,,,,,,,,,,,,,,,,,,,,,18-29,Feminino,Ensino Secundário,Norte
2023-04-14 12:51:02,1,Google Assistant,1,4,5,5,4,5,4,4,4,5,3,3,4,4,4,4,5,4,2,4,4,5,4,5,2,2,2,4,4,2,2,2,2,5,4,4,4,2,,,,,,,,,,,,,,,,,,,,,,,,,,,,,,,,,,,,30-39,Masculino,Mestrado,Norte
2023-04-15 17:08:56,1,Google Assistant,1,4,4,4,4,4,4,2,4,4,3,3,2,1,1,1,1,2,1,1,1,1,3,2,3,3,2,5,5,2,2,2,2,4,4,4,4,4,,,,,,,,,,,,,,,,,,,,,,,,,,,,,,,,,,,,18-29,Masculino,Mestrado,Norte
2023-04-15 17:16:13,1,Google Assistant,1,4,4,4,4,4,4,4,4,4,4,4,4,4,4,4,4,4,4,4,4,4,4,4,4,4,4,4,4,4,4,4,4,4,4,4,4,4,,,,,,,,,,,,,,,,,,,,,,,,,,,,,,,,,,,,30-39,Masculino,Licenciatura,Centro
2023-04-15 22:47:01,1,Google Assistant,1,4,4,4,3,4,5,2,4,3,3,3,4,1,2,1,1,1,4,3,1,3,5,3,3,3,5,3,3,2,2,3,3,5,2,4,4,3,,,,,,,,,,,,,,,,,,,,,,,,,,,,,,,,,,,,18-29,Feminino,Mestrado,Norte
2023-04-18 00:42:54,1,Amazon Alexa,1,4,5,4,5,4,4,5,4,4,4,4,4,4,4,5,4,4,2,4,4,4,4,5,2,2,2,4,4,2,2,4,4,4,4,4,4,4,,,,,,,,,,,,,,,,,,,,,,,,,,,,,,,,,,,,30-39,Feminino,Mestrado,Norte
2023-04-18 00:44:29,1,Apple Siri,1,4,4,5,4,5,4,4,5,5,3,3,4,4,4,4,4,4,2,4,4,4,4,5,4,4,2,4,4,4,5,2,2,5,4,4,4,4,,,,,,,,,,,,,,,,,,,,,,,,,,,,,,,,,,,,18-29,Feminino,Mestrado,Norte
2023-04-18 00:46:04,1,Microsoft Cortana,1,4,5,4,5,4,4,4,4,4,3,3,4,4,4,4,4,4,2,4,4,4,4,5,2,2,2,4,4,2,2,2,2,5,4,4,4,4,,,,,,,,,,,,,,,,,,,,,,,,,,,,,,,,,,,,50-59,Feminino,Licenciatura,Norte
2023-04-18 00:47:44,1,Amazon Alexa,1,4,5,4,4,5,4,4,4,5,2,2,3,4,4,4,4,4,2,4,4,4,4,4,2,2,2,4,4,4,3,2,2,5,4,5,4,2,,,,,,,,,,,,,,,,,,,,,,,,,,,,,,,,,,,,30-39,Masculino,Mestrado,Norte
2023-04-18 00:49:17,1,Amazon Alexa,1,4,4,5,4,4,4,4,4,5,4,4,4,4,5,4,4,4,2,4,4,4,4,5,5,5,1,5,5,2,2,2,4,5,4,5,4,4,,,,,,,,,,,,,,,,,,,,,,,,,,,,,,,,,,,,40-49,Feminino,Licenciatura,Norte
2023-04-18 00:50:41,1,Google Assistant,1,4,5,4,4,4,4,4,4,4,4,4,4,4,4,5,4,4,2,4,4,4,4,4,2,2,4,4,5,4,4,5,4,5,4,5,4,5,,,,,,,,,,,,,,,,,,,,,,,,,,,,,,,,,,,,18-29,Masculino,Pós-Graduação,Centro
2023-04-18 00:52:22,1,Google Assistant,1,4,5,4,4,4,4,3,4,4,4,4,4,4,4,4,4,4,2,4,4,4,4,5,4,4,4,2,3,4,4,3,4,4,2,2,2,5,,,,,,,,,,,,,,,,,,,,,,,,,,,,,,,,,,,,30-39,Masculino,Licenciatura,Norte
2023-04-18 00:55:11,1,Google Assistant,1,4,5,4,5,4,4,5,4,5,3,3,4,4,5,4,4,4,2,4,4,4,4,5,4,4,2,4,4,2,2,4,2,4,4,4,4,4,,,,,,,,,,,,,,,,,,,,,,,,,,,,,,,,,,,,30-39,Masculino,Pós-Graduação,Norte
2023-04-18 00:56:37,1,Apple Siri,1,4,5,4,4,4,5,4,4,5,2,2,2,4,5,4,4,4,2,4,4,5,4,5,2,2,2,4,4,4,5,4,4,5,4,4,5,4,,,,,,,,,,,,,,,,,,,,,,,,,,,,,,,,,,,,18-29,Feminino,Licenciatura,Norte
2023-04-18 00:59:16,1,Amazon Alexa,1,4,4,5,4,4,4,4,4,4,3,3,4,4,4,4,4,4,2,4,4,4,4,4,2,2,2,4,4,2,2,2,2,5,4,5,4,5,,,,,,,,,,,,,,,,,,,,,,,,,,,,,,,,,,,,30-39,Masculino,Licenciatura,Norte
2023-04-06 17:15:57,0,,0,1,3,3,3,3,3,3,3,3,3,3,3,3,3,3,3,3,3,3,3,3,3,3,3,3,5,5,5,2,2,2,2,5,3,3,4,4,,,,,,,,,,,,,,,,,,,,,,,,,,,,,,,,,,,,18-29,Masculino,Licenciatura,Norte
2023-04-06 21:13:34,0,,0,,,,,,,,,,,,,,,,,,,,,,,,,,,,,,,,,,,,,,4,4,4,4,4,4,2,2,3,3,3,2,2,2,2,2,2,2,2,2,4,4,2,2,5,5,5,2,2,2,5,3,4,4,5,18-29,Masculino,Licenciatura,Norte
2023-04-06 21:25:26,1,Amazon Alexa,0,,,,,,,,,,,,,,,,,,,,,,,,,,,,,,,,,,,,,,4,4,4,4,4,4,4,4,4,4,4,4,4,4,4,4,4,4,4,4,4,4,4,4,4,4,4,4,4,4,4,4,4,4,4,50-59,Masculino,Doutoramento,Norte
2023-04-06 21:25:27,1,Amazon Alexa,0,,,,,,,,,,,,,,,,,,,,,,,,,,,,,,,,,,,,,,5,5,5,5,5,5,5,5,5,4,4,4,5,5,5,5,5,5,5,5,5,5,4,4,3,3,3,3,3,3,3,4,4,4,4,50-59,Feminino,Licenciatura,Norte
2023-04-06 21:41:52,1,Apple Siri,0,,,,,,,,,,,,,,,,,,,,,,,,,,,,,,,,,,,,,,3,3,3,3,3,3,3,3,3,3,3,3,3,3,3,3,3,3,3,3,3,3,3,3,3,3,3,3,3,3,3,3,3,3,3,40-49,Prefiro não dizer,Licenciatura,Norte
2023-04-06 21:44:13,1,Amazon Alexa,0,,,,,,,,,,,,,,,,,,,,,,,,,,,,,,,,,,,,,,4,4,4,4,4,4,4,4,4,4,4,4,4,4,4,4,4,4,4,4,4,4,4,4,4,4,4,4,4,4,4,4,4,4,4,< 18,Feminino,Ensino Secundário,Norte
2023-04-06 21:48:16,0,,0,,,,,,,,,,,,,,,,,,,,,,,,,,,,,,,,,,,,,,5,5,5,4,4,4,4,4,4,3,3,4,2,4,2,2,2,2,2,2,4,4,2,2,2,2,2,4,4,4,4,1,1,1,3,18-29,Masculino,Mestrado,Norte
2023-04-06 22:03:55,0,,0,,,,,,,,,,,,,,,,,,,,,,,,,,,,,,,,,,,,,,4,4,4,3,4,5,4,4,5,3,3,4,2,2,2,2,4,1,2,4,4,2,2,2,4,4,4,3,4,4,5,4,4,2,4,18-29,Feminino,Mestrado,Norte
2023-04-06 22:31:20,0,,0,,,,,,,,,,,,,,,,,,,,,,,,,,,,,,,,,,,,,,4,4,1,5,4,4,4,4,4,4,4,4,5,5,5,5,5,5,5,5,3,2,4,3,5,5,5,5,5,5,5,5,5,5,5,18-29,Masculino,Mestrado,Norte
2023-04-06 22:47:45,0,,0,,,,,,,,,,,,,,,,,,,,,,,,,,,,,,,,,,,,,,4,4,4,4,4,4,4,4,4,3,3,3,4,4,4,4,4,2,3,4,4,3,4,4,4,4,4,3,3,3,5,3,3,3,1,18-29,Feminino,Pós-Graduação,Norte
2023-04-07 01:33:14,0,,0,,,,,,,,,,,,,,,,,,,,,,,,,,,,,,,,,,,,,,2,4,4,3,3,4,4,4,4,1,1,3,4,3,3,2,1,3,4,2,3,4,3,3,4,4,5,4,3,4,5,4,4,4,3,18-29,Feminino,Mestrado,Norte
2023-04-07 09:12:24,0,,0,,,,,,,,,,,,,,,,,,,,,,,,,,,,,,,,,,,,,,2,3,4,3,2,4,4,4,4,1,2,2,2,2,3,2,4,2,3,2,2,3,2,2,5,5,5,2,2,2,2,4,4,4,4,18-29,Masculino,Mestrado,Norte
2023-04-07 11:34:56,1,Apple Siri,0,,,,,,,,,,,,,,,,,,,,,,,,,,,,,,,,,,,,,,2,2,2,2,2,4,4,4,4,2,2,2,2,2,2,2,2,2,2,2,3,2,2,2,2,2,2,2,2,2,2,2,3,4,4,18-29,Feminino,Pós-Graduação,Norte
2023-04-07 11:37:00,1,Apple Siri,0,,,,,,,,,,,,,,,,,,,,,,,,,,,,,,,,,,,,,,4,4,3,3,4,5,3,5,4,3,3,2,3,3,2,3,4,2,2,2,4,4,4,3,2,2,2,4,4,3,4,1,2,2,2,18-29,Feminino,Pós-Graduação,Norte
2023-04-07 11:38:03,1,"Apple Siri, Google Assistant, Microsoft Cortana",0,,,,,,,,,,,,,,,,,,,,,,,,,,,,,,,,,,,,,,3,4,2,2,3,3,2,3,3,3,3,2,1,1,1,1,1,1,1,1,3,2,2,2,4,3,4,4,2,4,5,3,2,3,2,18-29,Masculino,Ensino Secundário,Norte
2023-04-07 11:39:08,0,,0,,,,,,,,,,,,,,,,,,,,,,,,,,,,,,,,,,,,,,3,4,3,3,4,4,4,4,4,1,1,3,3,2,2,2,4,2,4,2,3,4,3,1,4,4,4,3,2,3,3,4,5,4,1,18-29,Masculino,Ensino Secundário,Norte
2023-04-07 11:47:34,0,,0,,,,,,,,,,,,,,,,,,,,,,,,,,,,,,,,,,,,,,4,5,4,4,4,4,4,5,3,2,3,4,1,2,2,1,4,1,2,4,4,1,3,1,3,2,3,3,4,4,5,4,4,4,2,18-29,Masculino,Licenciatura,Norte
2023-04-07 12:00:17,0,,0,,,,,,,,,,,,,,,,,,,,,,,,,,,,,,,,,,,,,,4,3,4,3,4,4,3,4,3,3,3,2,2,2,2,2,2,2,3,2,4,3,3,3,3,3,3,3,3,3,3,3,3,3,4,18-29,Feminino,Ensino Secundário,Norte
2023-04-07 12:09:02,0,,0,,,,,,,,,,,,,,,,,,,,,,,,,,,,,,,,,,,,,,4,4,4,4,4,4,2,4,2,1,1,4,2,4,4,2,4,2,2,2,4,4,2,2,4,4,4,2,2,4,4,3,4,4,2,18-29,Feminino,Ensino Secundário,Norte
2023-04-07 12:11:41,0,,0,,,,,,,,,,,,,,,,,,,,,,,,,,,,,,,,,,,,,,4,4,4,4,4,4,4,3,3,2,1,2,3,4,3,3,3,2,4,5,5,3,3,3,4,4,4,3,3,4,4,2,2,2,3,18-29,Masculino,Licenciatura,Norte
2023-04-07 12:13:39,0,,0,,,,,,,,,,,,,,,,,,,,,,,,,,,,,,,,,,,,,,4,3,3,4,4,4,4,4,4,3,3,3,4,2,3,3,4,2,4,3,4,4,3,2,4,2,3,4,3,4,3,2,3,2,3,18-29,Masculino,Ensino Secundário,Centro
2023-04-07 12:30:37,0,,0,,,,,,,,,,,,,,,,,,,,,,,,,,,,,,,,,,,,,,3,3,3,3,3,4,4,4,4,3,3,3,2,2,2,2,1,1,2,3,3,3,3,3,3,3,3,3,3,3,5,3,3,3,3,40-49,Masculino,Ensino Secundário,Norte
2023-04-07 12:32:30,Não sei o que é,,0,,,,,,,,,,,,,,,,,,,,,,,,,,,,,,,,,,,,,,3,3,3,3,2,4,3,4,4,3,3,3,2,2,1,2,1,1,2,2,3,3,3,3,5,5,5,2,2,2,5,4,4,4,4,50-59,Masculino,Doutoramento,Não vivo em Portugal
2023-04-07 12:57:38,0,,0,,,,,,,,,,,,,,,,,,,,,,,,,,,,,,,,,,,,,,3,4,4,1,4,5,4,4,4,1,1,1,1,1,1,1,1,1,1,1,4,1,3,1,1,1,1,4,4,2,4,1,1,1,3,18-29,Feminino,Ensino Secundário,Centro
2023-04-07 13:00:14,1,Apple Siri,0,,,,,,,,,,,,,,,,,,,,,,,,,,,,,,,,,,,,,,5,5,5,5,5,4,4,4,4,4,4,5,4,4,4,4,4,3,3,4,2,1,2,2,4,4,4,1,1,2,4,3,4,4,2,40-49,Masculino,Licenciatura,Norte
2023-04-07 13:03:55,0,,0,,,,,,,,,,,,,,,,,,,,,,,,,,,,,,,,,,,,,,4,4,4,3,4,3,2,3,4,1,1,2,1,2,1,1,2,1,3,2,3,3,4,2,5,4,4,2,2,2,5,3,4,4,3,18-29,Masculino,Mestrado,Norte
2023-04-07 13:09:51,0,,0,,,,,,,,,,,,,,,,,,,,,,,,,,,,,,,,,,,,,,1,1,4,1,1,5,5,5,5,1,1,1,1,4,4,3,4,1,1,1,1,1,1,1,5,5,5,3,2,3,5,4,4,4,1,18-29,Feminino,Licenciatura,Norte
2023-04-07 13:16:04,0,Outro,0,,,,,,,,,,,,,,,,,,,,,,,,,,,,,,,,,,,,,,4,4,3,3,4,5,4,5,4,1,1,3,3,4,4,4,2,3,1,3,3,1,2,2,5,5,5,1,2,3,4,4,5,4,4,< 18,Feminino,Licenciatura,Norte
2023-04-07 13:19:07,1,Apple Siri,0,,,,,,,,,,,,,,,,,,,,,,,,,,,,,,,,,,,,,,4,4,4,4,4,4,4,4,4,1,1,1,1,1,1,1,1,1,1,2,2,1,1,1,5,5,5,1,1,1,3,4,4,4,3,18-29,Feminino,Pós-Graduação,Ilhas
2023-04-07 13:36:54,0,,0,,,,,,,,,,,,,,,,,,,,,,,,,,,,,,,,,,,,,,4,4,4,4,4,5,3,4,5,2,2,2,2,2,2,2,2,2,1,1,3,1,2,1,5,5,5,2,1,1,5,4,5,5,5,18-29,Masculino,Mestrado,Norte
2023-04-07 13:37:40,0,,0,,,,,,,,,,,,,,,,,,,,,,,,,,,,,,,,,,,,,,4,4,4,3,3,4,4,4,4,1,1,3,2,2,2,2,2,2,3,1,3,3,3,3,4,4,4,2,2,3,4,3,3,3,4,18-29,Feminino,Licenciatura,Norte
2023-04-07 13:45:57,1,Apple Siri,0,,,,,,,,,,,,,,,,,,,,,,,,,,,,,,,,,,,,,,4,4,4,4,4,4,4,4,4,3,3,2,2,2,2,1,2,2,2,3,4,4,4,4,4,4,4,3,4,4,4,2,4,3,4,40-49,Masculino,Ensino Secundário,Norte
2023-04-07 13:46:24,0,,0,,,,,,,,,,,,,,,,,,,,,,,,,,,,,,,,,,,,,,4,2,4,4,4,2,4,2,2,1,1,4,4,4,4,4,4,1,3,3,4,4,2,1,4,5,5,2,2,2,5,4,4,5,2,50-59,Feminino,Licenciatura,Norte
2023-04-07 13:48:59,1,Apple Siri,0,,,,,,,,,,,,,,,,,,,,,,,,,,,,,,,,,,,,,,4,4,4,5,5,4,3,3,4,4,3,4,4,3,5,3,3,4,3,5,4,3,3,2,4,4,5,3,3,3,4,2,3,2,3,50-59,Masculino,Ensino Secundário,Norte
2023-04-07 14:01:30,1,"Google Assistant, Samsung Bixby",0,,,,,,,,,,,,,,,,,,,,,,,,,,,,,,,,,,,,,,3,4,4,3,4,5,5,5,5,2,2,4,4,4,4,4,3,3,3,3,3,4,4,2,5,5,5,4,4,4,5,2,4,4,4,30-39,Feminino,Pós-Graduação,Norte
2023-04-07 14:04:18,0,,0,,,,,,,,,,,,,,,,,,,,,,,,,,,,,,,,,,,,,,2,3,4,3,3,5,3,4,4,1,1,1,2,2,2,2,2,1,2,1,3,1,1,1,5,5,5,2,1,1,5,4,5,5,4,50-59,Masculino,Mestrado,Norte
2023-04-07 14:10:32,0,,0,,,,,,,,,,,,,,,,,,,,,,,,,,,,,,,,,,,,,,4,4,4,4,4,1,1,1,1,1,1,1,3,3,3,3,2,2,3,3,4,4,4,4,2,2,2,4,4,4,4,2,2,2,2,40-49,Feminino,Licenciatura,Norte
2023-04-07 14:30:48,0,,0,,,,,,,,,,,,,,,,,,,,,,,,,,,,,,,,,,,,,,4,4,4,4,4,5,3,4,4,4,4,4,4,5,3,4,3,3,4,4,5,4,2,4,4,4,4,4,4,4,4,3,4,4,4,30-39,Masculino,Pós-Graduação,Norte
2023-04-07 14:30:50,0,Outro,0,,,,,,,,,,,,,,,,,,,,,,,,,,,,,,,,,,,,,,4,3,4,4,3,5,4,5,5,1,1,1,2,3,3,2,2,3,4,2,3,5,3,3,2,2,2,4,3,4,4,3,2,2,2,18-29,Masculino,Ensino Secundário,Norte
2023-04-07 14:39:55,0,,0,,,,,,,,,,,,,,,,,,,,,,,,,,,,,,,,,,,,,,3,3,4,3,4,4,4,4,3,2,2,2,4,4,4,4,3,3,3,3,4,4,4,4,3,5,5,1,1,3,4,5,5,5,5,40-49,Feminino,Licenciatura,Norte
2023-04-07 14:51:34,1,Apple Siri,0,,,,,,,,,,,,,,,,,,,,,,,,,,,,,,,,,,,,,,4,4,3,4,4,4,2,4,4,2,2,2,2,2,2,2,2,2,2,2,2,2,4,2,2,2,2,4,4,3,4,2,2,2,2,18-29,Feminino,Pós-Graduação,Norte
2023-04-07 15:04:47,0,,0,,,,,,,,,,,,,,,,,,,,,,,,,,,,,,,,,,,,,,4,4,2,5,4,5,5,5,5,4,4,4,2,2,2,2,2,4,2,4,4,4,2,2,4,4,4,4,4,4,4,4,4,4,4,18-29,Masculino,Ensino Secundário,Norte
2023-04-07 15:16:47,0,,0,,,,,,,,,,,,,,,,,,,,,,,,,,,,,,,,,,,,,,1,1,1,1,1,1,1,1,1,2,2,2,2,2,2,2,2,2,2,2,1,1,1,1,1,1,1,2,4,3,2,1,1,1,1,40-49,Masculino,Ensino Secundário,Norte
2023-04-07 15:18:06,0,,0,,,,,,,,,,,,,,,,,,,,,,,,,,,,,,,,,,,,,,4,4,4,4,4,4,3,4,4,3,3,3,3,2,2,2,1,1,3,5,3,3,3,2,4,4,4,4,3,3,5,3,3,3,3,18-29,Masculino,Mestrado,Norte
2023-04-07 15:18:56,0,,0,,,,,,,,,,,,,,,,,,,,,,,,,,,,,,,,,,,,,,4,3,4,4,4,4,4,4,4,2,2,3,2,4,4,2,4,2,4,4,1,1,4,3,3,3,4,4,4,4,4,2,3,3,2,18-29,Masculino,Mestrado,Sul
2023-04-07 15:19:17,0,,0,,,,,,,,,,,,,,,,,,,,,,,,,,,,,,,,,,,,,,4,3,4,4,3,4,4,4,4,3,2,3,3,3,4,4,3,4,4,4,3,4,4,3,3,3,4,3,3,3,5,5,3,5,3,18-29,Feminino,Mestrado,Norte
2023-04-07 15:23:42,0,,0,,,,,,,,,,,,,,,,,,,,,,,,,,,,,,,,,,,,,,1,1,1,1,1,3,3,3,3,2,4,3,2,3,2,1,2,2,2,4,3,3,3,3,3,3,3,3,3,3,3,2,3,3,3,18-29,Masculino,Licenciatura,Norte
2023-04-07 15:26:06,0,,0,,,,,,,,,,,,,,,,,,,,,,,,,,,,,,,,,,,,,,4,4,3,3,4,5,4,5,5,1,1,1,2,2,1,1,2,1,2,1,5,1,4,1,5,5,5,2,1,1,4,4,4,4,4,18-29,Feminino,Licenciatura,Norte
2023-04-07 16:48:06,0,,0,,,,,,,,,,,,,,,,,,,,,,,,,,,,,,,,,,,,,,3,3,3,2,2,4,3,4,4,1,1,3,2,1,1,1,1,1,1,1,2,1,3,1,5,5,4,2,2,4,5,4,3,4,5,30-39,Feminino,Licenciatura,Norte
2023-04-07 17:15:30,0,,0,,,,,,,,,,,,,,,,,,,,,,,,,,,,,,,,,,,,,,2,2,3,2,3,4,4,4,4,2,2,2,2,2,2,2,3,1,2,3,3,2,2,2,4,4,4,4,3,3,4,3,4,4,2,18-29,Masculino,Ensino Secundário,Norte
2023-04-07 17:16:31,0,,0,,,,,,,,,,,,,,,,,,,,,,,,,,,,,,,,,,,,,,4,2,2,2,1,4,2,4,4,1,1,1,2,2,2,2,1,1,1,1,1,1,1,1,4,4,4,1,1,1,1,4,4,4,4,30-39,Feminino,Ensino Secundário,Sul
2023-04-07 17:18:28,1,Google Assistant,0,,,,,,,,,,,,,,,,,,,,,,,,,,,,,,,,,,,,,,4,4,2,2,2,5,1,4,4,3,3,4,1,1,1,1,1,1,1,1,1,1,1,1,4,3,3,2,3,4,4,3,3,3,4,18-29,Feminino,Licenciatura,Norte
2023-04-07 17:34:40,0,,0,,,,,,,,,,,,,,,,,,,,,,,,,,,,,,,,,,,,,,2,2,2,2,2,4,4,4,4,4,3,3,4,4,4,4,4,3,4,4,2,2,2,2,5,4,4,4,4,4,4,3,3,4,4,> 60,Feminino,Ensino Básico,Sul
2023-04-07 17:41:09,1,Samsung Bixby,0,,,,,,,,,,,,,,,,,,,,,,,,,,,,,,,,,,,,,,4,3,4,3,4,4,3,4,4,3,3,4,2,4,4,2,4,2,3,4,3,4,4,3,3,5,5,2,3,3,4,3,5,3,5,30-39,Masculino,Pós-Graduação,Sul
2023-04-07 18:25:17,0,,0,,,,,,,,,,,,,,,,,,,,,,,,,,,,,,,,,,,,,,3,4,3,3,4,4,4,4,4,1,1,1,2,4,4,2,2,2,4,4,3,4,3,2,4,4,4,3,3,3,4,4,4,4,3,18-29,Feminino,Mestrado,Norte
2023-04-07 18:31:31,0,,0,,,,,,,,,,,,,,,,,,,,,,,,,,,,,,,,,,,,,,3,4,4,4,4,4,4,4,4,1,1,1,3,2,3,2,2,2,3,3,4,4,3,3,4,4,4,4,4,4,5,3,3,2,5,18-29,Feminino,Pós-Graduação,Norte
2023-04-07 18:42:20,0,,0,,,,,,,,,,,,,,,,,,,,,,,,,,,,,,,,,,,,,,2,3,4,3,3,4,4,4,4,3,3,2,4,4,4,4,4,4,4,3,4,3,3,3,5,4,5,2,2,4,5,3,4,4,4,50-59,Feminino,Ensino Secundário,Norte
2023-04-07 18:43:05,0,,0,,,,,,,,,,,,,,,,,,,,,,,,,,,,,,,,,,,,,,2,2,3,2,1,4,2,4,4,2,2,2,2,2,1,2,1,1,1,1,2,2,1,2,5,5,5,1,2,2,1,5,5,5,5,18-29,Masculino,Licenciatura,Norte
2023-04-07 18:57:18,1,Apple Siri,0,,,,,,,,,,,,,,,,,,,,,,,,,,,,,,,,,,,,,,3,3,2,3,2,4,2,2,2,3,3,2,2,2,2,2,1,1,2,1,2,2,2,2,3,3,3,3,2,2,2,2,2,3,2,40-49,Masculino,Licenciatura,Norte
2023-04-07 19:13:01,1,Apple Siri,0,,,,,,,,,,,,,,,,,,,,,,,,,,,,,,,,,,,,,,2,2,2,2,2,4,2,4,4,2,2,2,2,2,2,2,2,2,2,2,1,1,1,1,5,5,5,5,5,5,5,4,4,4,4,18-29,Feminino,Licenciatura,Centro
2023-04-07 19:38:16,0,,0,,,,,,,,,,,,,,,,,,,,,,,,,,,,,,,,,,,,,,2,2,4,4,4,4,4,4,4,1,1,2,1,4,4,2,1,1,3,2,3,4,4,3,4,4,4,4,2,3,2,3,4,3,4,50-59,Feminino,Ensino Secundário,Norte
2023-04-07 19:50:02,0,,0,,,,,,,,,,,,,,,,,,,,,,,,,,,,,,,,,,,,,,3,3,3,4,4,4,3,4,4,3,3,3,4,4,3,3,4,3,3,2,2,2,2,2,4,5,5,1,2,2,2,4,4,4,5,> 60,Feminino,Pós-Graduação,Norte
2023-04-07 20:15:32,0,,0,,,,,,,,,,,,,,,,,,,,,,,,,,,,,,,,,,,,,,4,4,3,4,3,4,4,4,4,3,3,3,3,4,4,4,4,2,3,3,3,3,3,2,4,3,3,3,3,4,4,3,3,3,3,50-59,Feminino,Licenciatura,Norte
2023-04-07 20:25:47,0,,0,,,,,,,,,,,,,,,,,,,,,,,,,,,,,,,,,,,,,,4,5,4,3,4,5,4,4,4,4,4,4,4,4,4,4,4,2,3,4,4,4,2,2,4,4,4,4,3,4,4,4,4,4,4,18-29,Feminino,Licenciatura,Centro
2023-04-07 20:30:26,0,,0,,,,,,,,,,,,,,,,,,,,,,,,,,,,,,,,,,,,,,4,4,3,4,4,5,3,4,4,3,4,4,3,4,4,3,3,3,3,4,4,2,3,3,4,4,5,4,4,3,4,4,3,4,3,18-29,Masculino,Licenciatura,Sul
2023-04-07 20:34:44,0,,0,,,,,,,,,,,,,,,,,,,,,,,,,,,,,,,,,,,,,,1,1,1,1,1,4,4,4,4,2,3,3,2,2,2,2,2,2,3,3,3,4,3,2,3,2,2,3,3,3,4,2,2,2,3,50-59,Masculino,Licenciatura,Norte
2023-04-07 20:51:48,0,,0,,,,,,,,,,,,,,,,,,,,,,,,,,,,,,,,,,,,,,2,2,3,2,2,3,3,4,4,3,2,3,3,3,3,3,3,3,3,3,4,4,4,3,5,5,4,3,2,2,4,4,5,4,2,30-39,Feminino,Ensino Secundário,Norte
2023-04-07 21:02:02,0,,0,,,,,,,,,,,,,,,,,,,,,,,,,,,,,,,,,,,,,,4,4,3,4,4,4,4,4,4,3,3,3,2,3,2,3,2,2,3,1,3,3,2,3,4,5,5,5,3,3,3,4,5,4,3,50-59,Masculino,Ensino Secundário,Norte
2023-04-07 21:47:12,0,,0,,,,,,,,,,,,,,,,,,,,,,,,,,,,,,,,,,,,,,4,4,4,4,4,5,4,5,5,4,4,4,4,5,4,5,5,4,5,5,4,3,5,4,4,5,4,3,4,5,5,4,5,5,4,18-29,Masculino,Pós-Graduação,Norte
2023-04-07 21:51:12,1,Apple Siri,0,,,,,,,,,,,,,,,,,,,,,,,,,,,,,,,,,,,,,,2,3,4,2,3,5,3,4,3,2,2,1,4,4,3,4,2,3,4,4,4,3,2,1,4,5,4,3,3,4,5,2,4,2,3,< 18,Feminino,Ensino Secundário,Norte
2023-04-07 21:51:31,1,Google Assistant,0,,,,,,,,,,,,,,,,,,,,,,,,,,,,,,,,,,,,,,3,4,2,4,4,4,2,4,3,3,2,2,3,3,3,3,2,2,2,1,3,2,2,2,4,4,4,2,2,2,2,3,3,2,3,40-49,Feminino,Ensino Secundário,Norte
2023-04-07 22:13:53,0,,0,,,,,,,,,,,,,,,,,,,,,,,,,,,,,,,,,,,,,,4,5,4,4,4,3,2,3,3,3,3,3,2,2,2,2,2,2,2,2,3,2,2,3,3,3,3,3,3,4,1,3,3,3,3,> 60,Masculino,Ensino Secundário,Não vivo em Portugal
2023-04-07 22:16:38,0,,0,,,,,,,,,,,,,,,,,,,,,,,,,,,,,,,,,,,,,,3,3,3,3,3,4,3,4,4,3,3,3,3,3,3,3,4,3,3,3,3,2,2,2,4,4,5,3,3,3,4,4,4,4,4,50-59,Masculino,Licenciatura,Norte
2023-04-07 22:43:30,0,,0,,,,,,,,,,,,,,,,,,,,,,,,,,,,,,,,,,,,,,3,3,2,4,4,5,4,5,5,1,1,1,1,2,2,2,1,1,2,2,1,2,2,1,5,5,5,2,2,2,5,2,4,3,3,18-29,Feminino,Mestrado,Norte
2023-04-07 22:51:47,0,,0,,,,,,,,,,,,,,,,,,,,,,,,,,,,,,,,,,,,,,4,4,4,4,4,4,4,4,4,3,3,3,1,1,1,1,1,1,1,1,1,1,1,1,1,1,1,1,1,1,1,1,1,1,1,40-49,Masculino,Ensino Secundário,Norte
2023-04-07 23:06:02,1,Apple Siri,0,,,,,,,,,,,,,,,,,,,,,,,,,,,,,,,,,,,,,,3,4,3,4,4,4,4,4,4,3,3,3,4,4,4,4,4,4,4,3,3,3,4,4,3,4,4,3,3,4,4,3,3,3,4,18-29,Feminino,Mestrado,Sul
2023-04-07 23:19:55,0,,0,,,,,,,,,,,,,,,,,,,,,,,,,,,,,,,,,,,,,,4,4,4,4,4,4,4,4,4,3,3,3,3,3,3,3,3,3,3,3,4,5,5,4,3,3,3,3,3,3,3,4,4,4,4,18-29,Feminino,Licenciatura,Norte
2023-04-07 23:59:19,0,,0,,,,,,,,,,,,,,,,,,,,,,,,,,,,,,,,,,,,,,3,3,3,3,3,1,1,1,1,2,2,1,1,1,1,1,1,1,1,1,1,1,1,1,2,1,1,1,1,1,1,1,1,1,1,40-49,Feminino,Ensino Básico,Norte
2023-04-08 13:05:50,1,Google Assistant,0,,,,,,,,,,,,,,,,,,,,,,,,,,,,,,,,,,,,,,4,4,4,3,3,3,4,4,4,1,1,2,2,3,3,3,4,4,3,3,3,3,3,2,4,4,4,4,3,3,1,3,4,4,4,30-39,Feminino,Ensino Secundário,Norte
2023-04-08 14:58:21,0,,0,,,,,,,,,,,,,,,,,,,,,,,,,,,,,,,,,,,,,,3,3,2,1,1,4,4,4,2,1,1,2,1,1,1,1,1,1,1,1,1,1,1,1,1,1,1,1,1,1,1,4,4,4,4,50-59,Masculino,Ensino Secundário,Norte
2023-04-08 15:34:00,1,Apple Siri,0,,,,,,,,,,,,,,,,,,,,,,,,,,,,,,,,,,,,,,3,3,2,3,3,4,2,2,4,1,1,1,1,2,2,2,2,2,2,3,3,3,3,3,4,4,4,4,4,3,3,4,3,3,4,18-29,Masculino,Mestrado,Não vivo em Portugal
2023-04-08 15:47:07,1,Apple Siri,0,,,,,,,,,,,,,,,,,,,,,,,,,,,,,,,,,,,,,,4,4,2,4,3,4,4,2,2,2,2,2,2,2,2,2,2,2,2,2,2,3,2,2,4,4,4,3,3,3,3,2,2,2,2,18-29,Masculino,Licenciatura,Norte
2023-04-08 16:06:15,1,Apple Siri,0,,,,,,,,,,,,,,,,,,,,,,,,,,,,,,,,,,,,,,3,3,3,3,3,4,3,4,4,1,1,1,2,2,2,2,2,2,2,2,2,1,2,1,5,5,5,2,2,2,2,3,3,3,2,18-29,Feminino,Licenciatura,Norte
2023-04-08 16:09:17,0,,0,,,,,,,,,,,,,,,,,,,,,,,,,,,,,,,,,,,,,,1,1,1,1,1,1,1,1,1,1,1,1,1,1,1,1,1,1,1,1,1,1,1,1,1,1,1,1,1,1,1,1,1,1,1,> 60,Masculino,Ensino Secundário,Norte
2023-04-08 16:42:06,0,,0,,,,,,,,,,,,,,,,,,,,,,,,,,,,,,,,,,,,,,3,3,3,3,3,4,4,4,4,4,3,3,3,3,3,3,2,2,4,4,3,3,3,3,4,4,3,3,4,4,4,3,3,3,3,40-49,Feminino,Ensino Secundário,Sul
2023-04-08 16:45:59,Não sei o que é,,0,,,,,,,,,,,,,,,,,,,,,,,,,,,,,,,,,,,,,,3,4,4,4,4,3,4,3,3,1,1,1,4,4,2,2,3,2,2,2,3,2,2,3,4,4,4,2,2,2,5,4,4,4,4,50-59,Masculino,Licenciatura,Norte
2023-04-08 16:55:35,0,,0,,,,,,,,,,,,,,,,,,,,,,,,,,,,,,,,,,,,,,4,4,4,5,5,5,4,5,5,1,1,1,4,4,4,4,5,5,5,4,3,3,3,3,3,3,3,2,4,4,5,3,3,3,5,30-39,Feminino,Doutoramento,Norte
2023-04-08 17:11:54,0,,0,,,,,,,,,,,,,,,,,,,,,,,,,,,,,,,,,,,,,,4,4,4,4,4,4,4,4,4,3,3,4,2,2,2,2,1,2,2,3,3,4,2,2,3,4,4,3,3,1,5,4,4,4,4,> 60,Masculino,Ensino Secundário,Norte
2023-04-08 17:16:08,0,,0,,,,,,,,,,,,,,,,,,,,,,,,,,,,,,,,,,,,,,2,2,2,2,2,2,2,2,2,2,2,2,2,2,2,2,2,2,2,2,2,2,2,2,5,5,5,1,1,1,5,5,5,5,5,30-39,Masculino,Mestrado,Norte
2023-04-08 17:19:43,0,,0,,,,,,,,,,,,,,,,,,,,,,,,,,,,,,,,,,,,,,4,3,4,5,5,4,3,4,4,2,2,4,4,4,4,4,2,2,2,2,4,3,2,2,4,4,4,3,3,3,3,4,3,3,3,50-59,Feminino,Licenciatura,Norte
2023-04-08 18:58:52,0,,0,,,,,,,,,,,,,,,,,,,,,,,,,,,,,,,,,,,,,,3,4,3,4,4,4,4,3,3,2,2,2,4,3,3,3,4,3,3,3,4,2,4,3,4,4,4,3,3,3,4,2,2,2,4,40-49,Feminino,Ensino Secundário,Norte
2023-04-08 20:39:21,0,,0,,,,,,,,,,,,,,,,,,,,,,,,,,,,,,,,,,,,,,4,4,4,4,4,4,4,4,4,3,3,3,2,2,2,2,2,2,2,2,3,3,2,4,4,4,4,4,2,2,5,3,3,3,5,40-49,Masculino,Licenciatura,Norte
2023-04-08 20:57:45,0,,0,,,,,,,,,,,,,,,,,,,,,,,,,,,,,,,,,,,,,,3,3,3,3,3,3,3,4,4,2,2,3,3,3,3,3,5,5,5,5,3,3,3,3,4,4,4,4,4,4,4,3,3,3,3,50-59,Feminino,Ensino Secundário,Norte
2023-04-08 22:02:46,1,Google Assistant,0,,,,,,,,,,,,,,,,,,,,,,,,,,,,,,,,,,,,,,4,4,2,3,4,5,4,4,4,4,1,4,3,3,3,3,3,3,3,2,3,4,4,3,3,3,3,3,3,3,3,3,3,3,3,18-29,Feminino,Ensino Secundário,Norte
2023-04-09 01:08:15,0,,0,,,,,,,,,,,,,,,,,,,,,,,,,,,,,,,,,,,,,,4,4,3,4,3,3,4,3,4,3,3,3,3,3,3,3,3,3,3,3,3,3,3,3,4,4,4,3,3,3,3,4,4,4,3,> 60,Feminino,Mestrado,Norte
2023-04-09 09:46:06,0,,0,,,,,,,,,,,,,,,,,,,,,,,,,,,,,,,,,,,,,,2,2,3,2,3,3,3,3,3,1,1,1,2,2,2,2,2,2,2,1,3,3,3,3,3,3,3,3,3,3,3,3,4,3,3,40-49,Feminino,Ensino Secundário,Norte
2023-04-09 11:36:21,0,,0,,,,,,,,,,,,,,,,,,,,,,,,,,,,,,,,,,,,,,3,3,3,3,3,3,3,3,3,3,3,3,1,1,1,1,1,1,1,1,1,1,1,1,4,4,4,4,4,4,4,3,3,3,3,40-49,Feminino,Licenciatura,Norte
2023-04-09 11:46:05,0,,0,,,,,,,,,,,,,,,,,,,,,,,,,,,,,,,,,,,,,,4,4,4,4,4,4,4,4,4,4,4,4,2,2,2,2,4,4,4,4,3,3,3,3,3,3,3,3,3,3,3,4,4,4,4,18-29,Masculino,Ensino Secundário,Norte
2023-04-09 13:13:03,Não sei o que é,,0,,,,,,,,,,,,,,,,,,,,,,,,,,,,,,,,,,,,,,1,1,1,1,1,5,1,1,1,1,1,1,1,1,1,1,1,1,1,1,1,1,1,1,5,5,5,3,3,1,4,5,5,5,1,40-49,Feminino,Licenciatura,Norte
2023-04-09 13:38:07,0,,0,,,,,,,,,,,,,,,,,,,,,,,,,,,,,,,,,,,,,,4,3,4,4,4,4,4,4,4,3,3,3,3,4,3,4,3,3,3,4,3,3,3,3,3,4,4,3,3,4,5,3,3,3,4,50-59,Feminino,Licenciatura,Norte
2023-04-09 14:31:17,0,,0,,,,,,,,,,,,,,,,,,,,,,,,,,,,,,,,,,,,,,3,4,3,4,4,5,4,4,4,3,3,3,2,2,2,2,4,2,3,2,4,3,4,3,4,3,4,3,3,3,4,3,4,4,4,18-29,Masculino,Mestrado,Norte
2023-04-09 14:32:05,1,Apple Siri,0,,,,,,,,,,,,,,,,,,,,,,,,,,,,,,,,,,,,,,3,4,3,2,3,4,4,4,4,3,3,2,2,4,2,4,4,2,3,2,4,2,2,2,2,2,2,2,2,2,2,2,2,2,2,18-29,Masculino,Mestrado,Norte
2023-04-09 15:48:06,0,,0,,,,,,,,,,,,,,,,,,,,,,,,,,,,,,,,,,,,,,3,5,4,4,4,5,5,5,5,1,1,3,2,2,2,2,2,1,1,3,2,3,2,2,5,5,5,3,3,2,5,5,5,5,5,18-29,Feminino,Licenciatura,Norte
2023-04-09 15:51:30,1,Apple Siri,0,,,,,,,,,,,,,,,,,,,,,,,,,,,,,,,,,,,,,,4,4,4,4,4,4,4,4,4,2,2,2,2,3,3,3,4,3,3,3,2,2,2,3,3,3,3,3,3,3,4,3,3,3,3,18-29,Feminino,Licenciatura,Norte
2023-04-09 18:29:51,0,,0,,,,,,,,,,,,,,,,,,,,,,,,,,,,,,,,,,,,,,4,4,4,4,4,4,4,4,4,3,3,2,2,3,2,2,2,3,3,2,4,4,4,3,4,4,4,2,2,3,5,3,2,2,2,18-29,Masculino,Mestrado,Norte
2023-04-09 20:23:07,0,,0,,,,,,,,,,,,,,,,,,,,,,,,,,,,,,,,,,,,,,4,4,4,4,4,3,4,5,4,2,2,1,3,4,5,5,5,5,2,4,4,3,4,4,5,5,5,2,2,3,3,4,4,4,4,40-49,Masculino,Licenciatura,Sul
2023-04-09 21:19:33,0,,0,,,,,,,,,,,,,,,,,,,,,,,,,,,,,,,,,,,,,,2,3,3,3,3,4,4,4,4,1,1,1,3,4,4,3,4,2,4,4,3,4,4,2,3,3,2,3,3,3,3,2,2,2,4,18-29,Feminino,Mestrado,Norte
2023-04-10 11:23:42,1,Google Assistant,0,,,,,,,,,,,,,,,,,,,,,,,,,,,,,,,,,,,,,,3,3,2,2,2,4,3,4,3,4,3,2,4,4,4,3,2,1,1,1,2,2,3,3,5,5,3,4,4,5,5,4,5,5,5,50-59,Feminino,Ensino Secundário,Sul
2023-04-10 12:14:52,1,Apple Siri,0,,,,,,,,,,,,,,,,,,,,,,,,,,,,,,,,,,,,,,3,4,4,3,4,5,4,4,4,3,3,2,4,4,4,4,4,4,4,4,4,3,4,3,4,4,4,4,4,4,4,3,4,3,4,< 18,Feminino,Ensino Secundário,Norte
2023-04-10 12:54:14,0,,0,,,,,,,,,,,,,,,,,,,,,,,,,,,,,,,,,,,,,,4,4,4,4,4,4,4,4,4,1,1,4,4,4,4,4,4,4,4,4,4,1,2,2,3,4,2,2,3,4,3,2,4,2,3,18-29,Feminino,Licenciatura,Norte
2023-04-10 14:19:15,0,,0,,,,,,,,,,,,,,,,,,,,,,,,,,,,,,,,,,,,,,3,4,3,4,3,4,4,4,4,1,1,2,2,2,3,2,4,2,4,4,2,2,2,1,4,4,4,3,2,3,4,2,4,4,1,18-29,Masculino,Pós-Graduação,Norte
2023-04-10 14:22:51,0,,0,,,,,,,,,,,,,,,,,,,,,,,,,,,,,,,,,,,,,,4,4,4,4,3,4,4,4,4,1,1,1,3,3,3,3,2,2,2,2,3,3,3,3,3,3,3,3,3,3,3,2,3,2,4,18-29,Masculino,Licenciatura,Norte
2023-04-10 14:35:55,0,,0,,,,,,,,,,,,,,,,,,,,,,,,,,,,,,,,,,,,,,4,4,3,2,2,5,4,4,5,1,1,3,1,2,1,2,2,2,1,2,3,3,1,1,4,4,4,2,2,3,5,3,3,3,2,18-29,Masculino,Licenciatura,Norte
2023-04-10 14:39:32,0,,0,,,,,,,,,,,,,,,,,,,,,,,,,,,,,,,,,,,,,,2,2,2,2,2,5,2,3,3,1,1,3,2,2,1,1,2,1,1,1,3,1,2,2,5,5,5,1,1,1,5,3,1,1,5,18-29,Feminino,Licenciatura,Norte
2023-04-10 14:43:12,0,,0,,,,,,,,,,,,,,,,,,,,,,,,,,,,,,,,,,,,,,4,4,4,4,4,5,4,4,4,3,3,3,4,3,3,3,4,3,2,3,4,4,4,3,4,4,4,3,3,3,3,2,4,3,4,18-29,Masculino,Ensino Secundário,Norte
2023-04-10 19:31:54,0,,0,,,,,,,,,,,,,,,,,,,,,,,,,,,,,,,,,,,,,,3,3,3,3,3,3,3,3,3,4,4,4,4,4,4,4,4,4,2,2,3,3,3,3,2,2,3,3,3,3,3,3,3,3,3,40-49,Feminino,Ensino Básico,Sul
2023-04-10 21:17:43,0,,0,,,,,,,,,,,,,,,,,,,,,,,,,,,,,,,,,,,,,,2,3,3,2,2,4,4,4,4,1,1,1,3,2,2,2,3,2,2,2,2,3,2,2,3,4,4,2,3,3,4,3,4,3,4,18-29,Feminino,Licenciatura,Norte
2023-04-10 23:16:21,0,,0,,,,,,,,,,,,,,,,,,,,,,,,,,,,,,,,,,,,,,4,4,3,3,4,5,4,5,5,1,1,1,1,1,1,1,1,1,1,1,2,1,2,1,5,4,5,1,2,1,4,2,2,4,4,18-29,Feminino,Licenciatura,Centro
2023-04-10 23:21:12,0,,0,,,,,,,,,,,,,,,,,,,,,,,,,,,,,,,,,,,,,,2,2,2,2,2,4,4,4,3,1,1,2,2,1,1,1,3,2,1,1,3,1,2,1,4,5,5,2,2,3,5,4,4,4,4,18-29,Prefiro não dizer,Ensino Secundário,Sul
2023-04-10 23:35:19,1,Apple Siri,0,,,,,,,,,,,,,,,,,,,,,,,,,,,,,,,,,,,,,,2,2,2,2,2,2,2,1,1,2,2,1,1,1,1,1,1,1,1,1,2,1,1,1,2,2,2,2,2,2,2,2,2,2,2,18-29,Feminino,Licenciatura,Norte
2023-04-10 23:46:12,0,,0,,,,,,,,,,,,,,,,,,,,,,,,,,,,,,,,,,,,,,4,4,3,3,4,3,4,3,4,3,3,3,4,2,2,1,2,2,3,3,4,3,2,2,4,4,4,3,4,4,5,2,3,2,5,18-29,Feminino,Ensino Secundário,Norte
2023-04-11 00:17:55,0,,0,,,,,,,,,,,,,,,,,,,,,,,,,,,,,,,,,,,,,,4,4,5,3,5,4,4,4,4,3,3,4,4,5,2,2,2,2,4,4,4,4,4,4,3,4,4,4,4,4,5,2,5,2,4,18-29,Feminino,Licenciatura,Centro
2023-04-11 01:03:58,0,,0,,,,,,,,,,,,,,,,,,,,,,,,,,,,,,,,,,,,,,4,4,4,4,3,4,3,3,4,2,2,2,1,2,2,2,1,1,1,1,3,2,2,3,5,5,5,5,1,1,3,3,3,3,3,18-29,Masculino,Licenciatura,Norte
2023-04-11 10:04:10,0,,0,,,,,,,,,,,,,,,,,,,,,,,,,,,,,,,,,,,,,,4,5,4,3,3,5,4,4,4,2,2,2,3,3,3,3,2,2,4,2,4,4,4,4,2,4,4,3,4,2,2,1,2,2,2,18-29,Feminino,Mestrado,Norte
2023-04-11 10:29:16,0,,0,,,,,,,,,,,,,,,,,,,,,,,,,,,,,,,,,,,,,,4,4,4,4,4,5,5,5,5,3,3,2,4,3,4,3,3,4,3,3,4,4,4,4,4,4,4,3,3,3,4,3,3,3,3,30-39,Feminino,Licenciatura,Norte
2023-04-11 11:10:38,1,Apple Siri,0,,,,,,,,,,,,,,,,,,,,,,,,,,,,,,,,,,,,,,4,4,4,4,4,4,4,4,4,3,3,4,4,4,4,4,3,3,3,4,4,3,4,4,2,3,2,4,4,3,5,1,2,1,3,40-49,Feminino,Licenciatura,Norte
2023-04-11 12:32:01,0,,0,,,,,,,,,,,,,,,,,,,,,,,,,,,,,,,,,,,,,,4,4,4,5,4,5,4,4,3,3,3,4,4,2,1,1,2,1,1,4,3,2,4,1,3,4,2,3,3,2,4,2,3,2,4,18-29,Masculino,Licenciatura,Norte
2023-04-11 12:35:57,0,,0,,,,,,,,,,,,,,,,,,,,,,,,,,,,,,,,,,,,,,4,4,4,4,4,4,4,4,4,2,2,2,3,2,2,2,2,2,2,4,4,2,2,3,4,4,4,4,3,2,2,2,4,3,4,18-29,Feminino,Licenciatura,Norte
2023-04-11 13:06:00,0,,0,,,,,,,,,,,,,,,,,,,,,,,,,,,,,,,,,,,,,,4,2,3,4,4,5,4,5,5,3,3,1,2,2,2,1,4,2,4,4,3,4,2,2,5,5,5,2,2,3,5,4,4,4,3,18-29,Feminino,Licenciatura,Norte
2023-04-11 13:31:47,1,Apple Siri,0,,,,,,,,,,,,,,,,,,,,,,,,,,,,,,,,,,,,,,4,4,4,4,4,4,4,4,4,4,3,3,4,5,5,5,3,3,4,3,3,4,4,4,4,4,4,3,3,3,4,4,4,4,3,40-49,Masculino,Ensino Secundário,Norte
2023-04-11 13:57:48,0,,0,,,,,,,,,,,,,,,,,,,,,,,,,,,,,,,,,,,,,,4,4,4,4,4,4,3,4,4,3,3,3,2,2,2,2,3,3,2,4,2,2,3,3,3,4,4,2,2,2,2,4,4,4,4,> 60,Masculino,Pós-Graduação,Norte
2023-04-11 14:08:29,1,Apple Siri,0,,,,,,,,,,,,,,,,,,,,,,,,,,,,,,,,,,,,,,4,4,4,5,5,2,4,4,4,2,2,4,3,4,2,2,4,2,2,5,4,3,2,3,5,5,5,2,2,3,5,3,4,4,2,18-29,Feminino,Mestrado,Norte
2023-04-11 14:11:38,0,,0,,,,,,,,,,,,,,,,,,,,,,,,,,,,,,,,,,,,,,2,2,2,2,2,4,2,4,4,2,2,2,2,2,2,2,4,2,2,2,3,2,2,2,4,4,4,2,3,3,4,4,4,4,4,18-29,Feminino,Ensino Secundário,Norte
2023-04-11 14:35:13,0,Outro,0,,,,,,,,,,,,,,,,,,,,,,,,,,,,,,,,,,,,,,4,4,4,4,4,4,4,4,4,4,4,4,4,4,4,4,4,4,4,4,4,4,4,4,5,5,5,3,4,4,4,5,4,3,4,30-39,Masculino,Ensino Secundário,Norte
2023-04-11 14:51:07,0,,0,,,,,,,,,,,,,,,,,,,,,,,,,,,,,,,,,,,,,,4,4,4,4,4,4,4,4,4,3,3,3,2,2,2,2,2,2,2,3,3,3,3,3,3,3,3,3,3,3,3,3,3,3,3,50-59,Masculino,Ensino Secundário,Norte
2023-04-11 15:57:05,0,,0,,,,,,,,,,,,,,,,,,,,,,,,,,,,,,,,,,,,,,4,4,4,4,4,4,4,4,4,4,4,4,4,4,4,4,4,4,4,4,4,4,4,4,3,5,5,5,5,5,5,2,2,2,2,40-49,Masculino,Doutoramento,Norte
2023-04-11 16:17:10,0,,0,,,,,,,,,,,,,,,,,,,,,,,,,,,,,,,,,,,,,,4,4,3,4,4,4,4,4,4,3,3,3,4,4,4,4,4,4,4,4,4,4,4,4,4,4,4,3,3,3,4,4,4,4,4,30-39,Masculino,Ensino Secundário,Norte
2023-04-11 16:19:02,0,,0,,,,,,,,,,,,,,,,,,,,,,,,,,,,,,,,,,,,,,5,5,5,3,4,5,4,4,5,4,4,4,1,1,1,1,1,1,1,1,4,4,1,1,4,4,4,2,2,1,5,4,4,4,4,30-39,Masculino,Mestrado,Norte
2023-04-11 17:16:00,0,,0,,,,,,,,,,,,,,,,,,,,,,,,,,,,,,,,,,,,,,4,4,4,3,4,5,5,5,5,3,3,2,2,3,2,2,3,2,4,3,3,3,3,3,3,3,3,3,4,2,3,2,2,2,4,18-29,Feminino,Mestrado,Centro
2023-04-11 17:30:56,1,Google Assistant,0,,,,,,,,,,,,,,,,,,,,,,,,,,,,,,,,,,,,,,3,3,3,3,3,4,3,3,4,3,3,3,3,3,3,3,2,2,2,1,1,2,1,1,4,4,4,1,3,3,3,3,4,3,3,50-59,Masculino,Licenciatura,Não vivo em Portugal
2023-04-11 18:04:42,0,,0,,,,,,,,,,,,,,,,,,,,,,,,,,,,,,,,,,,,,,4,4,4,4,4,4,4,4,4,4,4,3,4,2,1,1,2,2,3,3,3,3,3,3,4,4,4,3,3,3,4,4,4,4,4,40-49,Feminino,Ensino Secundário,Norte
2023-04-11 19:23:30,1,Google Assistant,0,,,,,,,,,,,,,,,,,,,,,,,,,,,,,,,,,,,,,,4,4,4,4,4,4,4,4,4,4,4,4,4,4,3,3,3,3,3,3,4,4,4,4,3,3,3,3,3,3,3,3,3,3,3,50-59,Masculino,Ensino Secundário,Norte
2023-04-11 19:37:41,0,,0,,,,,,,,,,,,,,,,,,,,,,,,,,,,,,,,,,,,,,3,2,3,3,4,5,5,5,5,1,1,1,2,4,2,3,2,2,3,4,4,4,4,4,4,4,4,3,3,3,4,2,2,2,4,18-29,Prefiro não dizer,Licenciatura,Norte
2023-04-11 21:18:22,1,Apple Siri,0,,,,,,,,,,,,,,,,,,,,,,,,,,,,,,,,,,,,,,4,3,4,3,4,4,4,4,3,1,1,1,4,4,4,4,4,3,3,1,3,2,4,3,4,2,2,2,4,3,4,2,2,2,3,18-29,Feminino,Ensino Secundário,Norte
2023-04-11 22:21:37,0,,0,,,,,,,,,,,,,,,,,,,,,,,,,,,,,,,,,,,,,,1,1,3,1,2,4,4,4,4,1,1,1,1,1,1,1,1,1,1,1,1,3,1,1,5,5,5,3,3,3,5,4,4,3,5,18-29,Feminino,Ensino Secundário,Norte
2023-04-12 07:39:20,0,,0,,,,,,,,,,,,,,,,,,,,,,,,,,,,,,,,,,,,,,4,4,4,4,4,5,5,4,4,3,3,3,4,4,4,4,4,4,4,3,3,4,4,4,4,4,3,4,4,4,4,2,2,2,5,18-29,Masculino,Ensino Secundário,Norte
2023-04-12 12:13:50,0,,0,,,,,,,,,,,,,,,,,,,,,,,,,,,,,,,,,,,,,,4,4,3,4,4,5,4,4,5,3,3,2,2,4,4,2,2,1,2,1,3,4,4,2,5,5,5,2,4,2,5,5,5,4,4,18-29,Masculino,Mestrado,Norte
2023-04-12 12:20:30,0,,0,,,,,,,,,,,,,,,,,,,,,,,,,,,,,,,,,,,,,,4,4,3,3,4,4,4,4,4,2,3,2,3,4,3,2,4,3,4,4,5,2,4,3,4,4,5,3,2,4,4,3,4,2,1,18-29,Feminino,Licenciatura,Norte
2023-04-12 14:53:23,0,,0,,,,,,,,,,,,,,,,,,,,,,,,,,,,,,,,,,,,,,4,4,4,3,4,4,4,4,4,3,3,4,2,2,2,2,2,2,3,2,3,2,2,2,3,3,3,3,3,4,4,3,4,3,3,30-39,Feminino,Mestrado,Norte
2023-04-12 18:40:20,0,,0,,,,,,,,,,,,,,,,,,,,,,,,,,,,,,,,,,,,,,4,4,2,3,3,3,2,2,2,1,1,1,2,2,2,2,3,3,3,3,3,2,3,2,4,4,4,3,2,2,4,4,4,4,3,18-29,Feminino,Pós-Graduação,Norte
2023-04-13 09:26:52,0,,0,,,,,,,,,,,,,,,,,,,,,,,,,,,,,,,,,,,,,,4,4,4,4,4,4,4,4,4,3,3,3,4,4,3,3,4,2,2,2,3,2,4,2,4,5,5,2,2,3,4,3,4,4,2,50-59,Feminino,Doutoramento,Norte
2023-04-13 13:14:46,0,,0,,,,,,,,,,,,,,,,,,,,,,,,,,,,,,,,,,,,,,4,4,3,4,4,4,4,4,4,3,3,3,2,2,2,2,3,2,2,2,2,2,4,3,4,5,5,1,1,3,3,5,5,5,3,40-49,Masculino,Ensino Secundário,Norte
2023-04-13 19:00:03,0,,0,,,,,,,,,,,,,,,,,,,,,,,,,,,,,,,,,,,,,,3,3,3,2,3,5,4,5,5,2,2,4,4,4,1,1,1,1,1,1,3,1,3,1,2,2,2,4,5,4,5,2,2,2,4,18-29,Feminino,Licenciatura,Norte
2023-04-13 20:26:04,0,,0,,,,,,,,,,,,,,,,,,,,,,,,,,,,,,,,,,,,,,4,4,4,4,4,4,4,4,4,1,1,1,4,2,2,2,2,2,2,4,3,3,3,3,5,5,5,5,2,1,4,3,3,3,3,18-29,Feminino,Licenciatura,Norte
2023-04-13 22:13:01,0,,0,,,,,,,,,,,,,,,,,,,,,,,,,,,,,,,,,,,,,,1,1,1,1,2,4,2,4,3,1,1,1,1,1,1,1,1,1,1,1,2,1,1,1,4,4,3,3,3,3,4,2,4,3,4,18-29,Masculino,Ensino Secundário,Norte
2023-04-14 11:28:22,0,,0,,,,,,,,,,,,,,,,,,,,,,,,,,,,,,,,,,,,,,4,4,4,4,4,4,4,4,4,2,2,2,2,2,2,2,2,2,2,2,3,4,2,2,4,4,4,3,3,2,4,2,2,2,4,18-29,Feminino,Mestrado,Norte
2023-04-14 12:57:57,0,,0,,,,,,,,,,,,,,,,,,,,,,,,,,,,,,,,,,,,,,3,3,3,4,3,4,4,4,4,1,1,1,2,3,3,2,2,2,2,3,4,4,2,2,2,4,4,3,2,3,4,4,4,4,4,18-29,Feminino,Licenciatura,Ilhas
2023-04-14 14:23:12,0,,0,,,,,,,,,,,,,,,,,,,,,,,,,,,,,,,,,,,,,,4,4,3,4,4,5,4,5,5,3,3,3,4,4,4,4,4,2,4,4,4,4,4,3,4,2,2,4,3,3,4,4,4,3,2,18-29,Feminino,Licenciatura,Norte
2023-04-15 14:59:46,0,,0,,,,,,,,,,,,,,,,,,,,,,,,,,,,,,,,,,,,,,4,4,4,3,4,5,3,4,3,3,3,3,1,2,1,1,2,1,3,3,3,4,2,2,1,5,5,3,2,3,3,4,4,4,4,18-29,Masculino,Mestrado,Norte
2023-04-16 10:07:37,0,,0,,,,,,,,,,,,,,,,,,,,,,,,,,,,,,,,,,,,,,1,1,1,1,1,5,3,4,4,1,1,1,1,1,1,1,1,1,1,1,1,3,1,1,1,5,5,5,1,1,5,2,5,5,5,50-59,Masculino,Mestrado,Norte
2023-04-17 13:29:09,0,,0,,,,,,,,,,,,,,,,,,,,,,,,,,,,,,,,,,,,,,2,3,1,1,1,5,2,4,4,3,2,4,4,4,2,2,2,2,3,1,2,1,1,1,5,5,5,1,1,3,5,5,5,5,5,30-39,Feminino,Doutoramento,Norte
